matricula_hash,contest,Porcentagem media de problemas aceitos por contest,Porcentagem media de problemas que tiveram alguma tentativa por contest,Media do numero de submissoes em problemas aceitos,Porcentagem media de problemas sem submissoes por contest,Porcentagem media de problemas que tiveram poucas tentativas e nao foram aceitos por contest,Porcentagem media de problemas que tiveram muitas tentativas e nao foram aceitos por contest,Porcentagem media de problemas que tiveram poucas tentativas e foram aceitos por contest,Porcentagem media de problemas que tiveram muitas tentativas e foram aceitos por contest,Porcentagem media de submissoes como 'Wrong Answer' por contest,Porcentagem media de submissoes como 'Compilation Error' por contest,Porcentagem media de submissoes como 'Presentation Error' por contest,Porcentagem media de submissoes como 'Runtime Error' por contest,Porcentagem media de submissoes como 'Time Limit Exceeded' por contest,Reprovado
f0f5e7264ccf185f69867882f343b21fb76c875432032f94783a62b75c7f06d8,14,0.0,0.0,0,100.0,0.0,0.0,0.0,0.0,0,0,0,0,0,1
bea1fd598b044294e94c08fb6ba66c880547527b0fca4c98433ea5c5255b6486,14,0.0,0.0,0,100.0,0.0,0.0,0.0,0.0,0,0,0,0,0,1
0a6d27f42143da0f4255dee866b57c165ee2f5446cc6b0e8b346284e6961c0d7,14,100.0,100.0,1.2,0.0,0.0,0.0,100.0,0.0,16.67,0.0,0.0,0.0,0.0,0
8c1200ed8c1aa6119aa004f973d7151041b9635fbadf15947c0f040e96efdc13,14,100.0,100.0,1.8,0.0,0.0,0.0,100.0,0.0,0.0,11.11,33.33,0.0,0.0,0
7dbdab563e7e15aa95ac403a116a90f2e562da020bcfb2fb9272e5b60467b243,14,100.0,100.0,1.6,0.0,0.0,0.0,100.0,0.0,12.5,0.0,12.5,0.0,0.0,0
0cea6aeede252ac60167b0626adf2b05b7ae8127355c433ae34e30f4d699ef46,14,100.0,100.0,1.6,0.0,0.0,0.0,100.0,0.0,12.5,0.0,25.0,0.0,0.0,0
e6dff2507e2cded9b40679886cfb3d1efdf6c93e04429a15aa32bf7c42379014,14,80.0,80.0,4.25,20.0,0.0,0.0,60.0,20.0,52.94,0.0,5.88,0.0,0.0,1
52aca6821d84655184a01eea864739fdd027efa64e5d3dda746492a1d482592b,14,100.0,100.0,2.0,0.0,0.0,0.0,100.0,0.0,40.0,0.0,0.0,0.0,0.0,0
5d15b4c18169a969fb511d7c5e9500e4ee0d47f244f8f30bd161b382eb36ca3a,14,100.0,100.0,2.0,0.0,0.0,0.0,100.0,0.0,20.0,20.0,0.0,0.0,0.0,0
b62ab1a3cf13ed67703a0727ca2eddbadbac166ba79a660db16813f91c6ea703,14,60.0,60.0,4.0,40.0,0.0,0.0,60.0,0.0,41.67,16.67,16.67,0.0,0.0,1
871a769b73d78a5f7b08476bcfc74224cfbbc0484ac4245efbfe2629b451da70,14,100.0,100.0,1.4,0.0,0.0,0.0,100.0,0.0,14.29,14.29,0.0,0.0,0.0,0
c51d33a9e820fbb60a3550668e8d4905dab86d596809bf7feb2f572b3c90f458,14,100.0,100.0,1.0,0.0,0.0,0.0,100.0,0.0,0.0,0.0,0.0,0.0,0.0,0
65c5cceeda572ac4df5da80727121a381c55b55ecf23c2540c5c9e9bd56a6deb,14,100.0,100.0,1.6,0.0,0.0,0.0,100.0,0.0,37.5,0.0,0.0,0.0,0.0,0
c6226fb275c73f0679f124c7d0e7fc2811927d017d2398687f8ebb08706b739d,14,0.0,0.0,0,100.0,0.0,0.0,0.0,0.0,0,0,0,0,0,0
5f6d449c8d3031dca05469e64697092dd2e4dc4a19db4862541ddc0c63bad82c,14,100.0,100.0,1.4,0.0,0.0,0.0,100.0,0.0,28.57,0.0,0.0,0.0,0.0,1
1a1fcc78652119b699d463d980c28c912fe5706244aa67adf5b74c1415a40d1f,14,100.0,100.0,1.4,0.0,0.0,0.0,100.0,0.0,14.29,14.29,0.0,0.0,0.0,0
dbb58a782a8391f9362b61146ae301e107ef5d32fec11c4c80cb97a4c4f3b1fe,14,0.0,0.0,0,100.0,0.0,0.0,0.0,0.0,0,0,0,0,0,1
09d3adadd62dc358676f46854c3cb1730a8dd1524912ed32875c2897cc305d3a,14,80.0,80.0,2.75,20.0,0.0,0.0,80.0,0.0,36.36,18.18,0.0,9.09,0.0,1
4466cd3c0ca55904f2c68b9f3ebb6e4b40278381e0e1ee75229e484a0987bc5b,14,60.0,80.0,1.0,20.0,20.0,0.0,60.0,0.0,20.0,0.0,20.0,0.0,0.0,1
bc79796c312cefba38d2fd2d91c107fa8c81c872409e33dc8a442c094d6ca812,14,80.0,100.0,2.25,0.0,20.0,0.0,80.0,0.0,36.36,9.09,9.09,0.0,0.0,1
284931b88b1830cebdb23f22400b7c8023a9708d56f799bd53c1615c1737ce76,14,100.0,100.0,1.4,0.0,0.0,0.0,100.0,0.0,28.57,0.0,0.0,0.0,0.0,0
f9a8a21c9b73c3208c045992075e9922943c4cb2be3965bb586c7f37969240fa,14,0.0,0.0,0,100.0,0.0,0.0,0.0,0.0,0,0,0,0,0,1
3487b84d699f3ca6391a8ece0ae258bff2425a632472b1e1f896afa53acb25ea,14,100.0,100.0,1.6,0.0,0.0,0.0,100.0,0.0,37.5,0.0,0.0,0.0,0.0,0
ed4fe17c8d3c7c92516468c9b2ff5d644b40f1d47b4bd3c0b74098d8c7f3eef6,14,40.0,60.0,5.0,40.0,20.0,0.0,20.0,20.0,15.38,69.23,0.0,0.0,0.0,1
de956d32073e8a75693409f5d8997fad974e5fe83ba5f248d9be5ca8b0b5b771,14,0.0,0.0,0,100.0,0.0,0.0,0.0,0.0,0,0,0,0,0,1
26baa8c449c9aac1f9f0efd0e8373ac9799576cfe215c00334e6a7feda4c623d,14,100.0,100.0,1.0,0.0,0.0,0.0,100.0,0.0,0.0,0.0,0.0,0.0,0.0,0
5884cecff1c8138fb57d9eef946cccaf2416ad50ecae4a8fbfc16e2d450ae284,14,100.0,100.0,1.4,0.0,0.0,0.0,100.0,0.0,28.57,0.0,0.0,0.0,0.0,0
582d8669894c2bac0eac1aa38a899cdaff4337a8ec165f517875eacf6f877a0c,14,100.0,100.0,1.0,0.0,0.0,0.0,100.0,0.0,0.0,0.0,0.0,0.0,0.0,0
cb7e46e2372c92d66fafddf476198f7a89e40ae8a1d0d68a36a7827f3ff9ab5e,14,100.0,100.0,1.8,0.0,0.0,0.0,100.0,0.0,0.0,44.44,0.0,0.0,0.0,0
6a63f2f94d4948ffb1a3b321be09985cd651eb146bbffd86d3f2e379ddb26c2f,14,100.0,100.0,2.0,0.0,0.0,0.0,100.0,0.0,50.0,0.0,0.0,0.0,0.0,0
dc40698058c0dc42e15b7fdb861468a19f968e0ea6770b8c7543dcb5eb9ddc84,14,60.0,60.0,5.67,40.0,0.0,0.0,40.0,20.0,70.59,0.0,11.76,0.0,0.0,0
d8bfa7b98a53c17705aa5b8bdce4e3072af909a0f3b91da32ed1620bca2e1bdb,14,100.0,100.0,2.6,0.0,0.0,0.0,80.0,20.0,38.46,7.69,15.38,0.0,0.0,0
40ad2731065b32d555d2b940188ebc68b4110a88276c47caf46b00c2356f2340,14,100.0,100.0,1.4,0.0,0.0,0.0,100.0,0.0,28.57,0.0,0.0,0.0,0.0,0
cf21a02c0fceaedee9ede7a20134751528e6dfd7d1375867b110a1201916d21b,14,0.0,0.0,0,100.0,0.0,0.0,0.0,0.0,0,0,0,0,0,1
ee6d82a67d8cf3f6a8be6e6e20b5e6563580daf8a9eb274246a088620ffaf1f3,14,0.0,0.0,0,100.0,0.0,0.0,0.0,0.0,0,0,0,0,0,1
041ffbe1f88dc28cf4dd400b4b587a2b80317bff2e7061938baf0d6179af8b0f,14,0.0,0.0,0,100.0,0.0,0.0,0.0,0.0,0,0,0,0,0,1
c5c9fb3ca95c66e28be83a8cb3f6e9a7de68f8af219de7aa6892a8d545315df8,14,100.0,100.0,1.6,0.0,0.0,0.0,100.0,0.0,25.0,12.5,0.0,0.0,0.0,0
13691f00cb017671d5ec838415473cd86f4552abffa59961a3850ca7a204d6be,14,100.0,100.0,1.6,0.0,0.0,0.0,100.0,0.0,37.5,0.0,0.0,0.0,0.0,1
09f70902c186765c8015a6897b24930f6e7c9ae5e2ae10627a9db42356ac0fbf,14,100.0,100.0,1.2,0.0,0.0,0.0,100.0,0.0,16.67,0.0,0.0,0.0,0.0,0
cccd9b561f6be3143b8ff0eee5c1c96a478e25f030f89dd5933607d0e3269089,14,100.0,100.0,10.2,0.0,0.0,0.0,0.0,100.0,50.98,25.49,0.0,7.84,0.0,0
a88c26dd29e87deffb39720eeadc27c503fb8cc231520b46665ff836a4a98898,14,60.0,60.0,3.0,40.0,0.0,0.0,60.0,0.0,33.33,22.22,0.0,0.0,0.0,1
a295359500eb864856b625eff9b4053abd710657601d5a424000e03fb3b70049,14,60.0,60.0,3.0,40.0,0.0,0.0,60.0,0.0,0.0,0.0,33.33,0.0,0.0,1
9a2f523ca607dde97560a019b5ee630714da3d71a273eeb85c559f4be214bf09,14,80.0,80.0,1.5,20.0,0.0,0.0,80.0,0.0,16.67,0.0,0.0,16.67,0.0,1
19b43d008633aae7c80e1dbda493ae14212b5fa548567f3ac7ee055d60d91a6f,14,100.0,100.0,2.4,0.0,0.0,0.0,100.0,0.0,41.67,8.33,8.33,0.0,0.0,0
71454be5276eb3d76b4d78f0e6ed5c4f3100437aed681b4ccd42c2cd0fccc580,14,0.0,0.0,0,100.0,0.0,0.0,0.0,0.0,0,0,0,0,0,0
78c9d7e07f481abe595e8af35ab2b307895c0450c3276f85115504907305691c,14,0.0,0.0,0,100.0,0.0,0.0,0.0,0.0,0,0,0,0,0,0
7ae1144fa4836e80c9b4ceaaf4d5c076471cb0a5248bb2e7b9f67fbb9afbc423,14,100.0,100.0,1.2,0.0,0.0,0.0,100.0,0.0,16.67,0.0,0.0,0.0,0.0,0
bc3c2360d9fc38b956c5c979c0e520d10896b9e0033192c12c5b54a5ba553c40,14,100.0,100.0,2.6,0.0,0.0,0.0,100.0,0.0,61.54,0.0,0.0,0.0,0.0,0
917b43598c2c9a051b3e67d3091cb8397c3d7d84cf8c48d360b28ebd9205ee61,14,100.0,100.0,1.2,0.0,0.0,0.0,100.0,0.0,0.0,16.67,0.0,0.0,0.0,0
63c0b75de1a26a5aa5c92a26865856289551e04b311d2cf3ae0d7dbbc26b1933,14,0.0,20.0,0,80.0,20.0,0.0,0.0,0.0,100.0,0.0,0.0,0.0,0.0,1
22a3f0ac2b844406abb20f191a36f739eccec8faf1f20504f1c7b85855719842,14,60.0,60.0,1.67,40.0,0.0,0.0,60.0,0.0,20.0,0.0,20.0,0.0,0.0,1
312c31c24c04740976df1dc61978bcb5d493372ad6d89b92192ad6fe85b765e9,14,100.0,100.0,2.2,0.0,0.0,0.0,100.0,0.0,0.0,54.55,0.0,0.0,0.0,0
ee1fb8c2389c9131c9690c615b0421e3ef85ef2e0d8708753cc4537f37b43b16,14,100.0,100.0,1.8,0.0,0.0,0.0,100.0,0.0,33.33,11.11,0.0,0.0,0.0,0
7e18ed6b6a4f5e6c0561ad442105ae448760a05c7a9d6a8b0ee2338bfc8a215a,14,100.0,100.0,1.6,0.0,0.0,0.0,100.0,0.0,12.5,25.0,0.0,0.0,0.0,0
11a5327006ae74d6d626ae11682159b2ddec2b35f06c1e5cb8f6af71d62b6150,14,100.0,100.0,1.0,0.0,0.0,0.0,100.0,0.0,0.0,0.0,0.0,0.0,0.0,0
6dfded1f5fe1e7d726335c953221f00f879b1d165e3343e8c5a6ab250cccc1b5,14,60.0,60.0,2.67,40.0,0.0,0.0,60.0,0.0,0.0,12.5,12.5,12.5,0.0,0
eb6e1b9daaaaa5696fa850633c5515c433d5b87d23ba747fae1b1d241bf352d7,14,100.0,100.0,1.2,0.0,0.0,0.0,100.0,0.0,16.67,0.0,0.0,0.0,0.0,1
2f81a633e150ba38e0f28d4150a4233c973c48ea75f4c04785c7051bb2da6476,14,100.0,100.0,2.0,0.0,0.0,0.0,100.0,0.0,30.0,20.0,0.0,0.0,0.0,0
77264daeadb16a58e6db05b32caa18a6e14a87b11eb5b5304e93df06d976ebac,14,100.0,100.0,1.8,0.0,0.0,0.0,100.0,0.0,33.33,0.0,11.11,0.0,0.0,1
7cda355a22474ae1d504842a79d0b63b8df88d3112577e84a3a7c24c4527cd6e,14,60.0,60.0,1.33,40.0,0.0,0.0,60.0,0.0,25.0,0.0,0.0,0.0,0.0,1
f0f5e7264ccf185f69867882f343b21fb76c875432032f94783a62b75c7f06d8,15,0.0,0.0,0,100.0,0.0,0.0,0.0,0.0,0,0,0,0,0,1
bea1fd598b044294e94c08fb6ba66c880547527b0fca4c98433ea5c5255b6486,15,16.67,33.33,1.0,66.67,16.67,0.0,16.67,0.0,50.0,0.0,0.0,0.0,0.0,1
0a6d27f42143da0f4255dee866b57c165ee2f5446cc6b0e8b346284e6961c0d7,15,83.33,83.33,1.4,16.67,0.0,0.0,83.33,0.0,14.29,0.0,14.29,0.0,0.0,0
8c1200ed8c1aa6119aa004f973d7151041b9635fbadf15947c0f040e96efdc13,15,66.67,66.67,1.0,33.33,0.0,0.0,66.67,0.0,0.0,0.0,0.0,0.0,0.0,0
7dbdab563e7e15aa95ac403a116a90f2e562da020bcfb2fb9272e5b60467b243,15,83.33,83.33,1.4,16.67,0.0,0.0,83.33,0.0,14.29,0.0,14.29,0.0,0.0,0
0cea6aeede252ac60167b0626adf2b05b7ae8127355c433ae34e30f4d699ef46,15,66.67,66.67,1.0,33.33,0.0,0.0,66.67,0.0,0.0,0.0,0.0,0.0,0.0,0
e6dff2507e2cded9b40679886cfb3d1efdf6c93e04429a15aa32bf7c42379014,15,50.0,50.0,4.33,50.0,0.0,0.0,33.33,16.67,76.92,0.0,0.0,0.0,0.0,1
52aca6821d84655184a01eea864739fdd027efa64e5d3dda746492a1d482592b,15,100.0,100.0,1.17,0.0,0.0,0.0,100.0,0.0,14.29,0.0,0.0,0.0,0.0,0
5d15b4c18169a969fb511d7c5e9500e4ee0d47f244f8f30bd161b382eb36ca3a,15,100.0,100.0,1.17,0.0,0.0,0.0,100.0,0.0,14.29,0.0,0.0,0.0,0.0,0
b62ab1a3cf13ed67703a0727ca2eddbadbac166ba79a660db16813f91c6ea703,15,50.0,50.0,1.33,50.0,0.0,0.0,50.0,0.0,25.0,0.0,0.0,0.0,0.0,1
871a769b73d78a5f7b08476bcfc74224cfbbc0484ac4245efbfe2629b451da70,15,100.0,100.0,1.17,0.0,0.0,0.0,100.0,0.0,14.29,0.0,0.0,0.0,0.0,0
c51d33a9e820fbb60a3550668e8d4905dab86d596809bf7feb2f572b3c90f458,15,100.0,100.0,1.17,0.0,0.0,0.0,100.0,0.0,14.29,0.0,0.0,0.0,0.0,0
65c5cceeda572ac4df5da80727121a381c55b55ecf23c2540c5c9e9bd56a6deb,15,33.33,83.33,1.5,16.67,50.0,0.0,33.33,0.0,80.0,0.0,0.0,0.0,0.0,0
c6226fb275c73f0679f124c7d0e7fc2811927d017d2398687f8ebb08706b739d,15,33.33,50.0,1.5,50.0,16.67,0.0,33.33,0.0,50.0,16.67,0.0,0.0,0.0,0
5f6d449c8d3031dca05469e64697092dd2e4dc4a19db4862541ddc0c63bad82c,15,50.0,66.67,1.0,33.33,16.67,0.0,50.0,0.0,25.0,0.0,0.0,0.0,0.0,1
1a1fcc78652119b699d463d980c28c912fe5706244aa67adf5b74c1415a40d1f,15,50.0,50.0,2.0,50.0,0.0,0.0,50.0,0.0,33.33,16.67,0.0,0.0,0.0,0
dbb58a782a8391f9362b61146ae301e107ef5d32fec11c4c80cb97a4c4f3b1fe,15,0.0,0.0,0,100.0,0.0,0.0,0.0,0.0,0,0,0,0,0,1
09d3adadd62dc358676f46854c3cb1730a8dd1524912ed32875c2897cc305d3a,15,0.0,0.0,0,100.0,0.0,0.0,0.0,0.0,0,0,0,0,0,1
4466cd3c0ca55904f2c68b9f3ebb6e4b40278381e0e1ee75229e484a0987bc5b,15,50.0,50.0,1.33,50.0,0.0,0.0,50.0,0.0,25.0,0.0,0.0,0.0,0.0,1
bc79796c312cefba38d2fd2d91c107fa8c81c872409e33dc8a442c094d6ca812,15,16.67,50.0,2.0,50.0,33.33,0.0,16.67,0.0,57.14,0.0,28.57,0.0,0.0,1
284931b88b1830cebdb23f22400b7c8023a9708d56f799bd53c1615c1737ce76,15,100.0,100.0,1.17,0.0,0.0,0.0,100.0,0.0,14.29,0.0,0.0,0.0,0.0,0
f9a8a21c9b73c3208c045992075e9922943c4cb2be3965bb586c7f37969240fa,15,66.67,66.67,1.0,33.33,0.0,0.0,66.67,0.0,0.0,0.0,0.0,0.0,0.0,1
3487b84d699f3ca6391a8ece0ae258bff2425a632472b1e1f896afa53acb25ea,15,66.67,100.0,2.0,0.0,33.33,0.0,66.67,0.0,69.23,0.0,0.0,0.0,0.0,0
ed4fe17c8d3c7c92516468c9b2ff5d644b40f1d47b4bd3c0b74098d8c7f3eef6,15,0.0,16.67,0,83.33,0.0,16.67,0.0,0.0,85.71,14.29,0.0,0.0,0.0,1
de956d32073e8a75693409f5d8997fad974e5fe83ba5f248d9be5ca8b0b5b771,15,0.0,0.0,0,100.0,0.0,0.0,0.0,0.0,0,0,0,0,0,1
26baa8c449c9aac1f9f0efd0e8373ac9799576cfe215c00334e6a7feda4c623d,15,100.0,100.0,2.17,0.0,0.0,0.0,100.0,0.0,53.85,0.0,0.0,0.0,0.0,0
5884cecff1c8138fb57d9eef946cccaf2416ad50ecae4a8fbfc16e2d450ae284,15,100.0,100.0,1.83,0.0,0.0,0.0,100.0,0.0,45.45,0.0,0.0,0.0,0.0,0
582d8669894c2bac0eac1aa38a899cdaff4337a8ec165f517875eacf6f877a0c,15,66.67,66.67,1.5,33.33,0.0,0.0,66.67,0.0,33.33,0.0,0.0,0.0,0.0,0
cb7e46e2372c92d66fafddf476198f7a89e40ae8a1d0d68a36a7827f3ff9ab5e,15,66.67,66.67,3.25,33.33,0.0,0.0,66.67,0.0,61.54,7.69,0.0,0.0,0.0,0
6a63f2f94d4948ffb1a3b321be09985cd651eb146bbffd86d3f2e379ddb26c2f,15,66.67,83.33,1.5,16.67,16.67,0.0,66.67,0.0,50.0,0.0,0.0,0.0,0.0,0
dc40698058c0dc42e15b7fdb861468a19f968e0ea6770b8c7543dcb5eb9ddc84,15,66.67,83.33,1.5,16.67,16.67,0.0,66.67,0.0,50.0,0.0,0.0,0.0,0.0,0
d8bfa7b98a53c17705aa5b8bdce4e3072af909a0f3b91da32ed1620bca2e1bdb,15,83.33,83.33,3.2,16.67,0.0,0.0,66.67,16.67,50.0,0.0,18.75,0.0,0.0,0
40ad2731065b32d555d2b940188ebc68b4110a88276c47caf46b00c2356f2340,15,33.33,50.0,1.0,50.0,16.67,0.0,33.33,0.0,33.33,0.0,0.0,0.0,0.0,0
cf21a02c0fceaedee9ede7a20134751528e6dfd7d1375867b110a1201916d21b,15,0.0,0.0,0,100.0,0.0,0.0,0.0,0.0,0,0,0,0,0,1
ee6d82a67d8cf3f6a8be6e6e20b5e6563580daf8a9eb274246a088620ffaf1f3,15,0.0,0.0,0,100.0,0.0,0.0,0.0,0.0,0,0,0,0,0,1
041ffbe1f88dc28cf4dd400b4b587a2b80317bff2e7061938baf0d6179af8b0f,15,0.0,0.0,0,100.0,0.0,0.0,0.0,0.0,0,0,0,0,0,1
c5c9fb3ca95c66e28be83a8cb3f6e9a7de68f8af219de7aa6892a8d545315df8,15,66.67,66.67,1.0,33.33,0.0,0.0,66.67,0.0,0.0,0.0,0.0,0.0,0.0,0
13691f00cb017671d5ec838415473cd86f4552abffa59961a3850ca7a204d6be,15,100.0,100.0,1.17,0.0,0.0,0.0,100.0,0.0,14.29,0.0,0.0,0.0,0.0,1
09f70902c186765c8015a6897b24930f6e7c9ae5e2ae10627a9db42356ac0fbf,15,33.33,66.67,1.0,33.33,33.33,0.0,33.33,0.0,50.0,16.67,0.0,0.0,0.0,0
cccd9b561f6be3143b8ff0eee5c1c96a478e25f030f89dd5933607d0e3269089,15,66.67,83.33,3.5,16.67,16.67,0.0,66.67,0.0,68.42,10.53,0.0,0.0,0.0,0
a88c26dd29e87deffb39720eeadc27c503fb8cc231520b46665ff836a4a98898,15,0.0,16.67,0,83.33,16.67,0.0,0.0,0.0,100.0,0.0,0.0,0.0,0.0,1
a295359500eb864856b625eff9b4053abd710657601d5a424000e03fb3b70049,15,16.67,16.67,3.0,83.33,0.0,0.0,16.67,0.0,33.33,33.33,0.0,0.0,0.0,1
9a2f523ca607dde97560a019b5ee630714da3d71a273eeb85c559f4be214bf09,15,33.33,33.33,2.5,66.67,0.0,0.0,33.33,0.0,40.0,20.0,0.0,0.0,0.0,1
19b43d008633aae7c80e1dbda493ae14212b5fa548567f3ac7ee055d60d91a6f,15,50.0,50.0,1.33,50.0,0.0,0.0,50.0,0.0,25.0,0.0,0.0,0.0,0.0,0
71454be5276eb3d76b4d78f0e6ed5c4f3100437aed681b4ccd42c2cd0fccc580,15,66.67,66.67,2.0,33.33,0.0,0.0,66.67,0.0,50.0,0.0,0.0,0.0,0.0,0
78c9d7e07f481abe595e8af35ab2b307895c0450c3276f85115504907305691c,15,0.0,0.0,0,100.0,0.0,0.0,0.0,0.0,0,0,0,0,0,0
7ae1144fa4836e80c9b4ceaaf4d5c076471cb0a5248bb2e7b9f67fbb9afbc423,15,100.0,100.0,1.0,0.0,0.0,0.0,100.0,0.0,0.0,0.0,0.0,0.0,0.0,0
bc3c2360d9fc38b956c5c979c0e520d10896b9e0033192c12c5b54a5ba553c40,15,33.33,50.0,1.5,50.0,16.67,0.0,33.33,0.0,60.0,0.0,0.0,0.0,0.0,0
917b43598c2c9a051b3e67d3091cb8397c3d7d84cf8c48d360b28ebd9205ee61,15,100.0,100.0,1.17,0.0,0.0,0.0,100.0,0.0,14.29,0.0,0.0,0.0,0.0,0
63c0b75de1a26a5aa5c92a26865856289551e04b311d2cf3ae0d7dbbc26b1933,15,0.0,16.67,0,83.33,16.67,0.0,0.0,0.0,100.0,0.0,0.0,0.0,0.0,1
22a3f0ac2b844406abb20f191a36f739eccec8faf1f20504f1c7b85855719842,15,66.67,83.33,1.5,16.67,16.67,0.0,66.67,0.0,50.0,0.0,0.0,0.0,0.0,1
312c31c24c04740976df1dc61978bcb5d493372ad6d89b92192ad6fe85b765e9,15,66.67,66.67,1.0,33.33,0.0,0.0,66.67,0.0,0.0,0.0,0.0,0.0,0.0,0
ee1fb8c2389c9131c9690c615b0421e3ef85ef2e0d8708753cc4537f37b43b16,15,50.0,50.0,3.0,50.0,0.0,0.0,50.0,0.0,55.56,0.0,11.11,0.0,0.0,0
7e18ed6b6a4f5e6c0561ad442105ae448760a05c7a9d6a8b0ee2338bfc8a215a,15,66.67,66.67,1.0,33.33,0.0,0.0,66.67,0.0,0.0,0.0,0.0,0.0,0.0,0
11a5327006ae74d6d626ae11682159b2ddec2b35f06c1e5cb8f6af71d62b6150,15,100.0,100.0,1.0,0.0,0.0,0.0,100.0,0.0,0.0,0.0,0.0,0.0,0.0,0
6dfded1f5fe1e7d726335c953221f00f879b1d165e3343e8c5a6ab250cccc1b5,15,50.0,50.0,1.33,50.0,0.0,0.0,50.0,0.0,25.0,0.0,0.0,0.0,0.0,0
eb6e1b9daaaaa5696fa850633c5515c433d5b87d23ba747fae1b1d241bf352d7,15,0.0,0.0,0,100.0,0.0,0.0,0.0,0.0,0,0,0,0,0,1
2f81a633e150ba38e0f28d4150a4233c973c48ea75f4c04785c7051bb2da6476,15,50.0,50.0,1.33,50.0,0.0,0.0,50.0,0.0,25.0,0.0,0.0,0.0,0.0,0
77264daeadb16a58e6db05b32caa18a6e14a87b11eb5b5304e93df06d976ebac,15,33.33,50.0,1.0,50.0,16.67,0.0,33.33,0.0,33.33,0.0,0.0,0.0,0.0,1
7cda355a22474ae1d504842a79d0b63b8df88d3112577e84a3a7c24c4527cd6e,15,33.33,33.33,1.5,66.67,0.0,0.0,33.33,0.0,33.33,0.0,0.0,0.0,0.0,1
f0f5e7264ccf185f69867882f343b21fb76c875432032f94783a62b75c7f06d8,16,0.0,0.0,0,100.0,0.0,0.0,0.0,0.0,0,0,0,0,0,1
bea1fd598b044294e94c08fb6ba66c880547527b0fca4c98433ea5c5255b6486,16,0.0,0.0,0,100.0,0.0,0.0,0.0,0.0,0,0,0,0,0,1
0a6d27f42143da0f4255dee866b57c165ee2f5446cc6b0e8b346284e6961c0d7,16,66.67,83.33,1.5,16.67,16.67,0.0,66.67,0.0,42.86,0.0,0.0,0.0,0.0,0
8c1200ed8c1aa6119aa004f973d7151041b9635fbadf15947c0f040e96efdc13,16,33.33,33.33,3.5,66.67,0.0,0.0,33.33,0.0,71.43,0.0,0.0,0.0,0.0,0
7dbdab563e7e15aa95ac403a116a90f2e562da020bcfb2fb9272e5b60467b243,16,66.67,83.33,1.0,16.67,16.67,0.0,66.67,0.0,20.0,0.0,0.0,0.0,0.0,0
0cea6aeede252ac60167b0626adf2b05b7ae8127355c433ae34e30f4d699ef46,16,16.67,16.67,1.0,83.33,0.0,0.0,16.67,0.0,0.0,0.0,0.0,0.0,0.0,0
e6dff2507e2cded9b40679886cfb3d1efdf6c93e04429a15aa32bf7c42379014,16,33.33,50.0,1.5,50.0,16.67,0.0,33.33,0.0,25.0,0.0,0.0,0.0,0.0,1
52aca6821d84655184a01eea864739fdd027efa64e5d3dda746492a1d482592b,16,33.33,66.67,1.0,33.33,33.33,0.0,33.33,0.0,71.43,0.0,0.0,0.0,0.0,0
5d15b4c18169a969fb511d7c5e9500e4ee0d47f244f8f30bd161b382eb36ca3a,16,83.33,83.33,1.0,16.67,0.0,0.0,83.33,0.0,0.0,0.0,0.0,0.0,0.0,0
b62ab1a3cf13ed67703a0727ca2eddbadbac166ba79a660db16813f91c6ea703,16,16.67,16.67,1.0,83.33,0.0,0.0,16.67,0.0,0.0,0.0,0.0,0.0,0.0,1
871a769b73d78a5f7b08476bcfc74224cfbbc0484ac4245efbfe2629b451da70,16,100.0,100.0,1.0,0.0,0.0,0.0,100.0,0.0,0.0,0.0,0.0,0.0,0.0,0
c51d33a9e820fbb60a3550668e8d4905dab86d596809bf7feb2f572b3c90f458,16,100.0,100.0,1.17,0.0,0.0,0.0,100.0,0.0,14.29,0.0,0.0,0.0,0.0,0
65c5cceeda572ac4df5da80727121a381c55b55ecf23c2540c5c9e9bd56a6deb,16,33.33,50.0,1.5,50.0,16.67,0.0,33.33,0.0,40.0,0.0,20.0,0.0,0.0,0
c6226fb275c73f0679f124c7d0e7fc2811927d017d2398687f8ebb08706b739d,16,0.0,0.0,0,100.0,0.0,0.0,0.0,0.0,0,0,0,0,0,0
5f6d449c8d3031dca05469e64697092dd2e4dc4a19db4862541ddc0c63bad82c,16,16.67,16.67,1.0,83.33,0.0,0.0,16.67,0.0,0.0,0.0,0.0,0.0,0.0,1
1a1fcc78652119b699d463d980c28c912fe5706244aa67adf5b74c1415a40d1f,16,33.33,33.33,2.5,66.67,0.0,0.0,33.33,0.0,40.0,0.0,20.0,0.0,0.0,0
dbb58a782a8391f9362b61146ae301e107ef5d32fec11c4c80cb97a4c4f3b1fe,16,0.0,0.0,0,100.0,0.0,0.0,0.0,0.0,0,0,0,0,0,1
09d3adadd62dc358676f46854c3cb1730a8dd1524912ed32875c2897cc305d3a,16,0.0,0.0,0,100.0,0.0,0.0,0.0,0.0,0,0,0,0,0,1
4466cd3c0ca55904f2c68b9f3ebb6e4b40278381e0e1ee75229e484a0987bc5b,16,33.33,33.33,3.0,66.67,0.0,0.0,33.33,0.0,50.0,0.0,16.67,0.0,0.0,1
bc79796c312cefba38d2fd2d91c107fa8c81c872409e33dc8a442c094d6ca812,16,0.0,0.0,0,100.0,0.0,0.0,0.0,0.0,0,0,0,0,0,1
284931b88b1830cebdb23f22400b7c8023a9708d56f799bd53c1615c1737ce76,16,100.0,100.0,1.33,0.0,0.0,0.0,100.0,0.0,25.0,0.0,0.0,0.0,0.0,0
f9a8a21c9b73c3208c045992075e9922943c4cb2be3965bb586c7f37969240fa,16,0.0,0.0,0,100.0,0.0,0.0,0.0,0.0,0,0,0,0,0,1
3487b84d699f3ca6391a8ece0ae258bff2425a632472b1e1f896afa53acb25ea,16,16.67,33.33,2.0,66.67,16.67,0.0,16.67,0.0,66.67,0.0,0.0,0.0,0.0,0
ed4fe17c8d3c7c92516468c9b2ff5d644b40f1d47b4bd3c0b74098d8c7f3eef6,16,0.0,66.67,0,33.33,66.67,0.0,0.0,0.0,71.43,14.29,0.0,14.29,0.0,1
de956d32073e8a75693409f5d8997fad974e5fe83ba5f248d9be5ca8b0b5b771,16,33.33,50.0,1.0,50.0,16.67,0.0,33.33,0.0,66.67,0.0,0.0,0.0,0.0,1
26baa8c449c9aac1f9f0efd0e8373ac9799576cfe215c00334e6a7feda4c623d,16,100.0,100.0,1.0,0.0,0.0,0.0,100.0,0.0,0.0,0.0,0.0,0.0,0.0,0
5884cecff1c8138fb57d9eef946cccaf2416ad50ecae4a8fbfc16e2d450ae284,16,33.33,66.67,1.0,33.33,33.33,0.0,33.33,0.0,60.0,0.0,0.0,0.0,0.0,0
582d8669894c2bac0eac1aa38a899cdaff4337a8ec165f517875eacf6f877a0c,16,66.67,66.67,1.0,33.33,0.0,0.0,66.67,0.0,0.0,0.0,0.0,0.0,0.0,0
cb7e46e2372c92d66fafddf476198f7a89e40ae8a1d0d68a36a7827f3ff9ab5e,16,16.67,16.67,2.0,83.33,0.0,0.0,16.67,0.0,0.0,50.0,0.0,0.0,0.0,0
6a63f2f94d4948ffb1a3b321be09985cd651eb146bbffd86d3f2e379ddb26c2f,16,50.0,83.33,1.0,16.67,33.33,0.0,50.0,0.0,14.29,0.0,0.0,0.0,42.86,0
dc40698058c0dc42e15b7fdb861468a19f968e0ea6770b8c7543dcb5eb9ddc84,16,33.33,33.33,2.5,66.67,0.0,0.0,33.33,0.0,60.0,0.0,0.0,0.0,0.0,0
d8bfa7b98a53c17705aa5b8bdce4e3072af909a0f3b91da32ed1620bca2e1bdb,16,100.0,100.0,2.17,0.0,0.0,0.0,100.0,0.0,46.15,0.0,7.69,0.0,0.0,0
40ad2731065b32d555d2b940188ebc68b4110a88276c47caf46b00c2356f2340,16,33.33,33.33,1.5,66.67,0.0,0.0,33.33,0.0,33.33,0.0,0.0,0.0,0.0,0
cf21a02c0fceaedee9ede7a20134751528e6dfd7d1375867b110a1201916d21b,16,50.0,50.0,1.33,50.0,0.0,0.0,50.0,0.0,25.0,0.0,0.0,0.0,0.0,1
ee6d82a67d8cf3f6a8be6e6e20b5e6563580daf8a9eb274246a088620ffaf1f3,16,0.0,0.0,0,100.0,0.0,0.0,0.0,0.0,0,0,0,0,0,1
041ffbe1f88dc28cf4dd400b4b587a2b80317bff2e7061938baf0d6179af8b0f,16,0.0,0.0,0,100.0,0.0,0.0,0.0,0.0,0,0,0,0,0,1
c5c9fb3ca95c66e28be83a8cb3f6e9a7de68f8af219de7aa6892a8d545315df8,16,16.67,33.33,2.0,66.67,16.67,0.0,16.67,0.0,66.67,0.0,0.0,0.0,0.0,0
13691f00cb017671d5ec838415473cd86f4552abffa59961a3850ca7a204d6be,16,0.0,0.0,0,100.0,0.0,0.0,0.0,0.0,0,0,0,0,0,1
09f70902c186765c8015a6897b24930f6e7c9ae5e2ae10627a9db42356ac0fbf,16,83.33,83.33,1.2,16.67,0.0,0.0,83.33,0.0,16.67,0.0,0.0,0.0,0.0,0
cccd9b561f6be3143b8ff0eee5c1c96a478e25f030f89dd5933607d0e3269089,16,50.0,66.67,3.67,33.33,16.67,0.0,50.0,0.0,41.67,0.0,0.0,8.33,25.0,0
a88c26dd29e87deffb39720eeadc27c503fb8cc231520b46665ff836a4a98898,16,16.67,16.67,6.0,83.33,0.0,0.0,16.67,0.0,83.33,0.0,0.0,0.0,0.0,1
a295359500eb864856b625eff9b4053abd710657601d5a424000e03fb3b70049,16,0.0,16.67,0,83.33,16.67,0.0,0.0,0.0,100.0,0.0,0.0,0.0,0.0,1
9a2f523ca607dde97560a019b5ee630714da3d71a273eeb85c559f4be214bf09,16,33.33,50.0,1.0,50.0,16.67,0.0,33.33,0.0,33.33,0.0,0.0,0.0,0.0,1
19b43d008633aae7c80e1dbda493ae14212b5fa548567f3ac7ee055d60d91a6f,16,16.67,50.0,1.0,50.0,33.33,0.0,16.67,0.0,40.0,0.0,0.0,0.0,50.0,0
71454be5276eb3d76b4d78f0e6ed5c4f3100437aed681b4ccd42c2cd0fccc580,16,33.33,33.33,4.0,66.67,0.0,0.0,16.67,16.67,37.5,0.0,37.5,0.0,0.0,0
78c9d7e07f481abe595e8af35ab2b307895c0450c3276f85115504907305691c,16,0.0,16.67,0,83.33,16.67,0.0,0.0,0.0,50.0,0.0,0.0,0.0,50.0,0
7ae1144fa4836e80c9b4ceaaf4d5c076471cb0a5248bb2e7b9f67fbb9afbc423,16,83.33,83.33,1.0,16.67,0.0,0.0,83.33,0.0,0.0,0.0,0.0,0.0,0.0,0
bc3c2360d9fc38b956c5c979c0e520d10896b9e0033192c12c5b54a5ba553c40,16,0.0,0.0,0,100.0,0.0,0.0,0.0,0.0,0,0,0,0,0,0
917b43598c2c9a051b3e67d3091cb8397c3d7d84cf8c48d360b28ebd9205ee61,16,33.33,33.33,1.5,66.67,0.0,0.0,33.33,0.0,0.0,0.0,0.0,0.0,0.0,0
63c0b75de1a26a5aa5c92a26865856289551e04b311d2cf3ae0d7dbbc26b1933,16,0.0,0.0,0,100.0,0.0,0.0,0.0,0.0,0,0,0,0,0,1
22a3f0ac2b844406abb20f191a36f739eccec8faf1f20504f1c7b85855719842,16,16.67,33.33,4.0,66.67,16.67,0.0,16.67,0.0,83.33,0.0,0.0,0.0,0.0,1
312c31c24c04740976df1dc61978bcb5d493372ad6d89b92192ad6fe85b765e9,16,66.67,66.67,1.25,33.33,0.0,0.0,66.67,0.0,20.0,0.0,0.0,0.0,0.0,0
ee1fb8c2389c9131c9690c615b0421e3ef85ef2e0d8708753cc4537f37b43b16,16,0.0,0.0,0,100.0,0.0,0.0,0.0,0.0,0,0,0,0,0,0
7e18ed6b6a4f5e6c0561ad442105ae448760a05c7a9d6a8b0ee2338bfc8a215a,16,0.0,0.0,0,100.0,0.0,0.0,0.0,0.0,0,0,0,0,0,0
11a5327006ae74d6d626ae11682159b2ddec2b35f06c1e5cb8f6af71d62b6150,16,100.0,100.0,1.33,0.0,0.0,0.0,100.0,0.0,25.0,0.0,0.0,0.0,0.0,0
6dfded1f5fe1e7d726335c953221f00f879b1d165e3343e8c5a6ab250cccc1b5,16,33.33,33.33,2.0,66.67,0.0,0.0,33.33,0.0,25.0,25.0,0.0,0.0,0.0,0
eb6e1b9daaaaa5696fa850633c5515c433d5b87d23ba747fae1b1d241bf352d7,16,50.0,50.0,1.33,50.0,0.0,0.0,50.0,0.0,25.0,0.0,0.0,0.0,0.0,1
2f81a633e150ba38e0f28d4150a4233c973c48ea75f4c04785c7051bb2da6476,16,33.33,33.33,1.0,66.67,0.0,0.0,33.33,0.0,0.0,0.0,0.0,0.0,0.0,0
77264daeadb16a58e6db05b32caa18a6e14a87b11eb5b5304e93df06d976ebac,16,16.67,16.67,1.0,83.33,0.0,0.0,16.67,0.0,0.0,0.0,0.0,0.0,0.0,1
7cda355a22474ae1d504842a79d0b63b8df88d3112577e84a3a7c24c4527cd6e,16,33.33,33.33,2.0,66.67,0.0,0.0,33.33,0.0,50.0,0.0,0.0,0.0,0.0,1
f0f5e7264ccf185f69867882f343b21fb76c875432032f94783a62b75c7f06d8,17,0.0,0.0,0,100.0,0.0,0.0,0.0,0.0,0,0,0,0,0,1
bea1fd598b044294e94c08fb6ba66c880547527b0fca4c98433ea5c5255b6486,17,0.0,0.0,0,100.0,0.0,0.0,0.0,0.0,0,0,0,0,0,1
0a6d27f42143da0f4255dee866b57c165ee2f5446cc6b0e8b346284e6961c0d7,17,50.0,66.67,1.33,33.33,16.67,0.0,50.0,0.0,57.14,0.0,0.0,0.0,0.0,0
8c1200ed8c1aa6119aa004f973d7151041b9635fbadf15947c0f040e96efdc13,17,16.67,33.33,1.0,66.67,16.67,0.0,16.67,0.0,83.33,0.0,0.0,0.0,0.0,0
7dbdab563e7e15aa95ac403a116a90f2e562da020bcfb2fb9272e5b60467b243,17,83.33,83.33,1.2,16.67,0.0,0.0,83.33,0.0,16.67,0.0,0.0,0.0,0.0,0
0cea6aeede252ac60167b0626adf2b05b7ae8127355c433ae34e30f4d699ef46,17,66.67,66.67,1.0,33.33,0.0,0.0,66.67,0.0,0.0,0.0,0.0,0.0,0.0,0
e6dff2507e2cded9b40679886cfb3d1efdf6c93e04429a15aa32bf7c42379014,17,33.33,33.33,1.5,66.67,0.0,0.0,33.33,0.0,33.33,0.0,0.0,0.0,0.0,1
52aca6821d84655184a01eea864739fdd027efa64e5d3dda746492a1d482592b,17,83.33,83.33,1.0,16.67,0.0,0.0,83.33,0.0,0.0,0.0,0.0,0.0,0.0,0
5d15b4c18169a969fb511d7c5e9500e4ee0d47f244f8f30bd161b382eb36ca3a,17,100.0,100.0,1.17,0.0,0.0,0.0,100.0,0.0,14.29,0.0,0.0,0.0,0.0,0
b62ab1a3cf13ed67703a0727ca2eddbadbac166ba79a660db16813f91c6ea703,17,0.0,0.0,0,100.0,0.0,0.0,0.0,0.0,0,0,0,0,0,1
871a769b73d78a5f7b08476bcfc74224cfbbc0484ac4245efbfe2629b451da70,17,100.0,100.0,1.0,0.0,0.0,0.0,100.0,0.0,0.0,0.0,0.0,0.0,0.0,0
c51d33a9e820fbb60a3550668e8d4905dab86d596809bf7feb2f572b3c90f458,17,100.0,100.0,1.33,0.0,0.0,0.0,100.0,0.0,0.0,0.0,12.5,0.0,0.0,0
65c5cceeda572ac4df5da80727121a381c55b55ecf23c2540c5c9e9bd56a6deb,17,66.67,66.67,1.5,33.33,0.0,0.0,66.67,0.0,33.33,0.0,0.0,0.0,0.0,0
c6226fb275c73f0679f124c7d0e7fc2811927d017d2398687f8ebb08706b739d,17,66.67,83.33,1.0,16.67,16.67,0.0,66.67,0.0,0.0,0.0,0.0,0.0,0.0,0
5f6d449c8d3031dca05469e64697092dd2e4dc4a19db4862541ddc0c63bad82c,17,0.0,0.0,0,100.0,0.0,0.0,0.0,0.0,0,0,0,0,0,1
1a1fcc78652119b699d463d980c28c912fe5706244aa67adf5b74c1415a40d1f,17,50.0,50.0,1.33,50.0,0.0,0.0,50.0,0.0,25.0,0.0,0.0,0.0,0.0,0
dbb58a782a8391f9362b61146ae301e107ef5d32fec11c4c80cb97a4c4f3b1fe,17,0.0,0.0,0,100.0,0.0,0.0,0.0,0.0,0,0,0,0,0,1
09d3adadd62dc358676f46854c3cb1730a8dd1524912ed32875c2897cc305d3a,17,0.0,0.0,0,100.0,0.0,0.0,0.0,0.0,0,0,0,0,0,1
4466cd3c0ca55904f2c68b9f3ebb6e4b40278381e0e1ee75229e484a0987bc5b,17,33.33,33.33,1.0,66.67,0.0,0.0,33.33,0.0,0.0,0.0,0.0,0.0,0.0,1
bc79796c312cefba38d2fd2d91c107fa8c81c872409e33dc8a442c094d6ca812,17,50.0,50.0,1.33,50.0,0.0,0.0,50.0,0.0,0.0,0.0,0.0,0.0,0.0,1
284931b88b1830cebdb23f22400b7c8023a9708d56f799bd53c1615c1737ce76,17,100.0,100.0,1.0,0.0,0.0,0.0,100.0,0.0,0.0,0.0,0.0,0.0,0.0,0
f9a8a21c9b73c3208c045992075e9922943c4cb2be3965bb586c7f37969240fa,17,0.0,0.0,0,100.0,0.0,0.0,0.0,0.0,0,0,0,0,0,1
3487b84d699f3ca6391a8ece0ae258bff2425a632472b1e1f896afa53acb25ea,17,33.33,66.67,2.5,33.33,33.33,0.0,33.33,0.0,54.55,0.0,0.0,27.27,0.0,0
ed4fe17c8d3c7c92516468c9b2ff5d644b40f1d47b4bd3c0b74098d8c7f3eef6,17,0.0,0.0,0,100.0,0.0,0.0,0.0,0.0,0,0,0,0,0,1
de956d32073e8a75693409f5d8997fad974e5fe83ba5f248d9be5ca8b0b5b771,17,0.0,0.0,0,100.0,0.0,0.0,0.0,0.0,0,0,0,0,0,1
26baa8c449c9aac1f9f0efd0e8373ac9799576cfe215c00334e6a7feda4c623d,17,83.33,100.0,1.0,0.0,16.67,0.0,83.33,0.0,16.67,0.0,0.0,0.0,0.0,0
5884cecff1c8138fb57d9eef946cccaf2416ad50ecae4a8fbfc16e2d450ae284,17,0.0,0.0,0,100.0,0.0,0.0,0.0,0.0,0,0,0,0,0,0
582d8669894c2bac0eac1aa38a899cdaff4337a8ec165f517875eacf6f877a0c,17,66.67,66.67,1.5,33.33,0.0,0.0,66.67,0.0,16.67,0.0,0.0,0.0,0.0,0
cb7e46e2372c92d66fafddf476198f7a89e40ae8a1d0d68a36a7827f3ff9ab5e,17,66.67,66.67,1.5,33.33,0.0,0.0,66.67,0.0,33.33,0.0,0.0,0.0,0.0,0
6a63f2f94d4948ffb1a3b321be09985cd651eb146bbffd86d3f2e379ddb26c2f,17,66.67,66.67,1.5,33.33,0.0,0.0,66.67,0.0,33.33,0.0,0.0,0.0,0.0,0
dc40698058c0dc42e15b7fdb861468a19f968e0ea6770b8c7543dcb5eb9ddc84,17,50.0,50.0,1.33,50.0,0.0,0.0,50.0,0.0,0.0,0.0,0.0,0.0,0.0,0
d8bfa7b98a53c17705aa5b8bdce4e3072af909a0f3b91da32ed1620bca2e1bdb,17,83.33,83.33,2.4,16.67,0.0,0.0,83.33,0.0,41.67,0.0,0.0,16.67,0.0,0
40ad2731065b32d555d2b940188ebc68b4110a88276c47caf46b00c2356f2340,17,66.67,83.33,1.25,16.67,16.67,0.0,66.67,0.0,16.67,0.0,0.0,16.67,0.0,0
cf21a02c0fceaedee9ede7a20134751528e6dfd7d1375867b110a1201916d21b,17,0.0,0.0,0,100.0,0.0,0.0,0.0,0.0,0,0,0,0,0,1
ee6d82a67d8cf3f6a8be6e6e20b5e6563580daf8a9eb274246a088620ffaf1f3,17,0.0,0.0,0,100.0,0.0,0.0,0.0,0.0,0,0,0,0,0,1
041ffbe1f88dc28cf4dd400b4b587a2b80317bff2e7061938baf0d6179af8b0f,17,0.0,0.0,0,100.0,0.0,0.0,0.0,0.0,0,0,0,0,0,1
c5c9fb3ca95c66e28be83a8cb3f6e9a7de68f8af219de7aa6892a8d545315df8,17,0.0,0.0,0,100.0,0.0,0.0,0.0,0.0,0,0,0,0,0,0
13691f00cb017671d5ec838415473cd86f4552abffa59961a3850ca7a204d6be,17,50.0,50.0,1.0,50.0,0.0,0.0,50.0,0.0,0.0,0.0,0.0,0.0,0.0,1
09f70902c186765c8015a6897b24930f6e7c9ae5e2ae10627a9db42356ac0fbf,17,100.0,100.0,1.17,0.0,0.0,0.0,100.0,0.0,14.29,0.0,0.0,0.0,0.0,0
cccd9b561f6be3143b8ff0eee5c1c96a478e25f030f89dd5933607d0e3269089,17,33.33,66.67,1.0,33.33,33.33,0.0,33.33,0.0,77.78,0.0,0.0,0.0,0.0,0
a88c26dd29e87deffb39720eeadc27c503fb8cc231520b46665ff836a4a98898,17,0.0,0.0,0,100.0,0.0,0.0,0.0,0.0,0,0,0,0,0,1
a295359500eb864856b625eff9b4053abd710657601d5a424000e03fb3b70049,17,0.0,0.0,0,100.0,0.0,0.0,0.0,0.0,0,0,0,0,0,1
9a2f523ca607dde97560a019b5ee630714da3d71a273eeb85c559f4be214bf09,17,50.0,50.0,1.33,50.0,0.0,0.0,50.0,0.0,0.0,0.0,25.0,0.0,0.0,1
19b43d008633aae7c80e1dbda493ae14212b5fa548567f3ac7ee055d60d91a6f,17,50.0,66.67,3.0,33.33,16.67,0.0,50.0,0.0,54.55,0.0,0.0,18.18,0.0,0
71454be5276eb3d76b4d78f0e6ed5c4f3100437aed681b4ccd42c2cd0fccc580,17,66.67,66.67,1.75,33.33,0.0,0.0,66.67,0.0,14.29,0.0,0.0,28.57,0.0,0
78c9d7e07f481abe595e8af35ab2b307895c0450c3276f85115504907305691c,17,0.0,0.0,0,100.0,0.0,0.0,0.0,0.0,0,0,0,0,0,0
7ae1144fa4836e80c9b4ceaaf4d5c076471cb0a5248bb2e7b9f67fbb9afbc423,17,33.33,33.33,1.0,66.67,0.0,0.0,33.33,0.0,0.0,0.0,0.0,0.0,0.0,0
bc3c2360d9fc38b956c5c979c0e520d10896b9e0033192c12c5b54a5ba553c40,17,16.67,33.33,1.0,66.67,16.67,0.0,16.67,0.0,50.0,0.0,0.0,0.0,0.0,0
917b43598c2c9a051b3e67d3091cb8397c3d7d84cf8c48d360b28ebd9205ee61,17,16.67,33.33,1.0,66.67,16.67,0.0,16.67,0.0,66.67,0.0,0.0,0.0,0.0,0
63c0b75de1a26a5aa5c92a26865856289551e04b311d2cf3ae0d7dbbc26b1933,17,0.0,0.0,0,100.0,0.0,0.0,0.0,0.0,0,0,0,0,0,1
22a3f0ac2b844406abb20f191a36f739eccec8faf1f20504f1c7b85855719842,17,0.0,16.67,0,83.33,16.67,0.0,0.0,0.0,50.0,0.0,0.0,50.0,0.0,1
312c31c24c04740976df1dc61978bcb5d493372ad6d89b92192ad6fe85b765e9,17,50.0,50.0,1.0,50.0,0.0,0.0,50.0,0.0,0.0,0.0,0.0,0.0,0.0,0
ee1fb8c2389c9131c9690c615b0421e3ef85ef2e0d8708753cc4537f37b43b16,17,33.33,33.33,2.0,66.67,0.0,0.0,33.33,0.0,25.0,0.0,25.0,0.0,0.0,0
7e18ed6b6a4f5e6c0561ad442105ae448760a05c7a9d6a8b0ee2338bfc8a215a,17,66.67,66.67,1.25,33.33,0.0,0.0,66.67,0.0,20.0,0.0,0.0,0.0,0.0,0
11a5327006ae74d6d626ae11682159b2ddec2b35f06c1e5cb8f6af71d62b6150,17,100.0,100.0,2.5,0.0,0.0,0.0,100.0,0.0,60.0,0.0,0.0,0.0,0.0,0
6dfded1f5fe1e7d726335c953221f00f879b1d165e3343e8c5a6ab250cccc1b5,17,16.67,33.33,1.0,66.67,16.67,0.0,16.67,0.0,66.67,0.0,0.0,0.0,0.0,0
eb6e1b9daaaaa5696fa850633c5515c433d5b87d23ba747fae1b1d241bf352d7,17,50.0,50.0,1.33,50.0,0.0,0.0,50.0,0.0,25.0,0.0,0.0,0.0,0.0,1
2f81a633e150ba38e0f28d4150a4233c973c48ea75f4c04785c7051bb2da6476,17,33.33,66.67,1.0,33.33,33.33,0.0,33.33,0.0,60.0,0.0,0.0,0.0,0.0,0
77264daeadb16a58e6db05b32caa18a6e14a87b11eb5b5304e93df06d976ebac,17,33.33,33.33,2.0,66.67,0.0,0.0,33.33,0.0,50.0,0.0,0.0,0.0,0.0,1
7cda355a22474ae1d504842a79d0b63b8df88d3112577e84a3a7c24c4527cd6e,17,33.33,33.33,1.0,66.67,0.0,0.0,33.33,0.0,0.0,0.0,0.0,0.0,0.0,1
f0f5e7264ccf185f69867882f343b21fb76c875432032f94783a62b75c7f06d8,18,0.0,0.0,0,100.0,0.0,0.0,0.0,0.0,0,0,0,0,0,1
bea1fd598b044294e94c08fb6ba66c880547527b0fca4c98433ea5c5255b6486,18,0.0,0.0,0,100.0,0.0,0.0,0.0,0.0,0,0,0,0,0,1
0a6d27f42143da0f4255dee866b57c165ee2f5446cc6b0e8b346284e6961c0d7,18,100.0,100.0,2.4,0.0,0.0,0.0,100.0,0.0,33.33,0.0,8.33,0.0,0.0,0
8c1200ed8c1aa6119aa004f973d7151041b9635fbadf15947c0f040e96efdc13,18,40.0,60.0,1.0,40.0,20.0,0.0,40.0,0.0,50.0,0.0,0.0,0.0,0.0,0
7dbdab563e7e15aa95ac403a116a90f2e562da020bcfb2fb9272e5b60467b243,18,60.0,60.0,1.33,40.0,0.0,0.0,60.0,0.0,0.0,0.0,0.0,0.0,0.0,0
0cea6aeede252ac60167b0626adf2b05b7ae8127355c433ae34e30f4d699ef46,18,80.0,80.0,1.0,20.0,0.0,0.0,80.0,0.0,0.0,0.0,0.0,0.0,0.0,0
e6dff2507e2cded9b40679886cfb3d1efdf6c93e04429a15aa32bf7c42379014,18,20.0,20.0,1.0,80.0,0.0,0.0,20.0,0.0,0.0,0.0,0.0,0.0,0.0,1
52aca6821d84655184a01eea864739fdd027efa64e5d3dda746492a1d482592b,18,80.0,100.0,1.0,0.0,20.0,0.0,80.0,0.0,42.86,0.0,0.0,0.0,0.0,0
5d15b4c18169a969fb511d7c5e9500e4ee0d47f244f8f30bd161b382eb36ca3a,18,100.0,100.0,1.4,0.0,0.0,0.0,100.0,0.0,28.57,0.0,0.0,0.0,0.0,0
b62ab1a3cf13ed67703a0727ca2eddbadbac166ba79a660db16813f91c6ea703,18,0.0,0.0,0,100.0,0.0,0.0,0.0,0.0,0,0,0,0,0,1
871a769b73d78a5f7b08476bcfc74224cfbbc0484ac4245efbfe2629b451da70,18,100.0,100.0,1.4,0.0,0.0,0.0,100.0,0.0,28.57,0.0,0.0,0.0,0.0,0
c51d33a9e820fbb60a3550668e8d4905dab86d596809bf7feb2f572b3c90f458,18,100.0,100.0,1.0,0.0,0.0,0.0,100.0,0.0,0.0,0.0,0.0,0.0,0.0,0
65c5cceeda572ac4df5da80727121a381c55b55ecf23c2540c5c9e9bd56a6deb,18,60.0,60.0,2.0,40.0,0.0,0.0,60.0,0.0,33.33,0.0,0.0,0.0,0.0,0
c6226fb275c73f0679f124c7d0e7fc2811927d017d2398687f8ebb08706b739d,18,60.0,60.0,1.33,40.0,0.0,0.0,60.0,0.0,25.0,0.0,0.0,0.0,0.0,0
5f6d449c8d3031dca05469e64697092dd2e4dc4a19db4862541ddc0c63bad82c,18,0.0,0.0,0,100.0,0.0,0.0,0.0,0.0,0,0,0,0,0,1
1a1fcc78652119b699d463d980c28c912fe5706244aa67adf5b74c1415a40d1f,18,60.0,60.0,1.0,40.0,0.0,0.0,60.0,0.0,0.0,0.0,0.0,0.0,0.0,0
dbb58a782a8391f9362b61146ae301e107ef5d32fec11c4c80cb97a4c4f3b1fe,18,0.0,0.0,0,100.0,0.0,0.0,0.0,0.0,0,0,0,0,0,1
09d3adadd62dc358676f46854c3cb1730a8dd1524912ed32875c2897cc305d3a,18,0.0,0.0,0,100.0,0.0,0.0,0.0,0.0,0,0,0,0,0,1
4466cd3c0ca55904f2c68b9f3ebb6e4b40278381e0e1ee75229e484a0987bc5b,18,0.0,0.0,0,100.0,0.0,0.0,0.0,0.0,0,0,0,0,0,1
bc79796c312cefba38d2fd2d91c107fa8c81c872409e33dc8a442c094d6ca812,18,0.0,0.0,0,100.0,0.0,0.0,0.0,0.0,0,0,0,0,0,1
284931b88b1830cebdb23f22400b7c8023a9708d56f799bd53c1615c1737ce76,18,100.0,100.0,1.6,0.0,0.0,0.0,100.0,0.0,37.5,0.0,0.0,0.0,0.0,0
f9a8a21c9b73c3208c045992075e9922943c4cb2be3965bb586c7f37969240fa,18,0.0,0.0,0,100.0,0.0,0.0,0.0,0.0,0,0,0,0,0,1
3487b84d699f3ca6391a8ece0ae258bff2425a632472b1e1f896afa53acb25ea,18,0.0,0.0,0,100.0,0.0,0.0,0.0,0.0,0,0,0,0,0,0
ed4fe17c8d3c7c92516468c9b2ff5d644b40f1d47b4bd3c0b74098d8c7f3eef6,18,0.0,20.0,0,80.0,20.0,0.0,0.0,0.0,50.0,50.0,0.0,0.0,0.0,1
de956d32073e8a75693409f5d8997fad974e5fe83ba5f248d9be5ca8b0b5b771,18,0.0,0.0,0,100.0,0.0,0.0,0.0,0.0,0,0,0,0,0,1
26baa8c449c9aac1f9f0efd0e8373ac9799576cfe215c00334e6a7feda4c623d,18,0.0,0.0,0,100.0,0.0,0.0,0.0,0.0,0,0,0,0,0,0
5884cecff1c8138fb57d9eef946cccaf2416ad50ecae4a8fbfc16e2d450ae284,18,60.0,80.0,2.67,20.0,20.0,0.0,60.0,0.0,55.56,0.0,11.11,0.0,0.0,0
582d8669894c2bac0eac1aa38a899cdaff4337a8ec165f517875eacf6f877a0c,18,60.0,80.0,1.0,20.0,20.0,0.0,60.0,0.0,25.0,0.0,0.0,0.0,0.0,0
cb7e46e2372c92d66fafddf476198f7a89e40ae8a1d0d68a36a7827f3ff9ab5e,18,40.0,60.0,1.0,40.0,20.0,0.0,40.0,0.0,50.0,0.0,0.0,0.0,0.0,0
6a63f2f94d4948ffb1a3b321be09985cd651eb146bbffd86d3f2e379ddb26c2f,18,60.0,80.0,1.0,20.0,20.0,0.0,60.0,0.0,25.0,0.0,0.0,0.0,0.0,0
dc40698058c0dc42e15b7fdb861468a19f968e0ea6770b8c7543dcb5eb9ddc84,18,20.0,20.0,1.0,80.0,0.0,0.0,20.0,0.0,0.0,0.0,0.0,0.0,0.0,0
d8bfa7b98a53c17705aa5b8bdce4e3072af909a0f3b91da32ed1620bca2e1bdb,18,80.0,80.0,1.0,20.0,0.0,0.0,80.0,0.0,0.0,0.0,0.0,0.0,0.0,0
40ad2731065b32d555d2b940188ebc68b4110a88276c47caf46b00c2356f2340,18,80.0,80.0,2.25,20.0,0.0,0.0,80.0,0.0,55.56,0.0,0.0,0.0,0.0,0
cf21a02c0fceaedee9ede7a20134751528e6dfd7d1375867b110a1201916d21b,18,80.0,80.0,1.25,20.0,0.0,0.0,80.0,0.0,0.0,0.0,0.0,0.0,0.0,1
ee6d82a67d8cf3f6a8be6e6e20b5e6563580daf8a9eb274246a088620ffaf1f3,18,0.0,0.0,0,100.0,0.0,0.0,0.0,0.0,0,0,0,0,0,1
041ffbe1f88dc28cf4dd400b4b587a2b80317bff2e7061938baf0d6179af8b0f,18,0.0,20.0,0,80.0,20.0,0.0,0.0,0.0,100.0,0.0,0.0,0.0,0.0,1
c5c9fb3ca95c66e28be83a8cb3f6e9a7de68f8af219de7aa6892a8d545315df8,18,0.0,0.0,0,100.0,0.0,0.0,0.0,0.0,0,0,0,0,0,0
13691f00cb017671d5ec838415473cd86f4552abffa59961a3850ca7a204d6be,18,0.0,0.0,0,100.0,0.0,0.0,0.0,0.0,0,0,0,0,0,1
09f70902c186765c8015a6897b24930f6e7c9ae5e2ae10627a9db42356ac0fbf,18,80.0,100.0,1.75,0.0,20.0,0.0,80.0,0.0,33.33,0.0,0.0,0.0,22.22,0
cccd9b561f6be3143b8ff0eee5c1c96a478e25f030f89dd5933607d0e3269089,18,40.0,60.0,2.0,40.0,20.0,0.0,40.0,0.0,60.0,0.0,0.0,0.0,0.0,0
a88c26dd29e87deffb39720eeadc27c503fb8cc231520b46665ff836a4a98898,18,0.0,0.0,0,100.0,0.0,0.0,0.0,0.0,0,0,0,0,0,1
a295359500eb864856b625eff9b4053abd710657601d5a424000e03fb3b70049,18,0.0,0.0,0,100.0,0.0,0.0,0.0,0.0,0,0,0,0,0,1
9a2f523ca607dde97560a019b5ee630714da3d71a273eeb85c559f4be214bf09,18,40.0,40.0,1.5,60.0,0.0,0.0,40.0,0.0,33.33,0.0,0.0,0.0,0.0,1
19b43d008633aae7c80e1dbda493ae14212b5fa548567f3ac7ee055d60d91a6f,18,40.0,40.0,1.5,60.0,0.0,0.0,40.0,0.0,33.33,0.0,0.0,0.0,0.0,0
71454be5276eb3d76b4d78f0e6ed5c4f3100437aed681b4ccd42c2cd0fccc580,18,40.0,40.0,1.5,60.0,0.0,0.0,40.0,0.0,0.0,33.33,0.0,0.0,0.0,0
78c9d7e07f481abe595e8af35ab2b307895c0450c3276f85115504907305691c,18,0.0,0.0,0,100.0,0.0,0.0,0.0,0.0,0,0,0,0,0,0
7ae1144fa4836e80c9b4ceaaf4d5c076471cb0a5248bb2e7b9f67fbb9afbc423,18,20.0,20.0,1.0,80.0,0.0,0.0,20.0,0.0,0.0,0.0,0.0,0.0,0.0,0
bc3c2360d9fc38b956c5c979c0e520d10896b9e0033192c12c5b54a5ba553c40,18,0.0,20.0,0,80.0,20.0,0.0,0.0,0.0,100.0,0.0,0.0,0.0,0.0,0
917b43598c2c9a051b3e67d3091cb8397c3d7d84cf8c48d360b28ebd9205ee61,18,60.0,60.0,2.0,40.0,0.0,0.0,60.0,0.0,50.0,0.0,0.0,0.0,0.0,0
63c0b75de1a26a5aa5c92a26865856289551e04b311d2cf3ae0d7dbbc26b1933,18,0.0,0.0,0,100.0,0.0,0.0,0.0,0.0,0,0,0,0,0,1
22a3f0ac2b844406abb20f191a36f739eccec8faf1f20504f1c7b85855719842,18,20.0,20.0,4.0,80.0,0.0,0.0,20.0,0.0,75.0,0.0,0.0,0.0,0.0,1
312c31c24c04740976df1dc61978bcb5d493372ad6d89b92192ad6fe85b765e9,18,80.0,80.0,1.25,20.0,0.0,0.0,80.0,0.0,20.0,0.0,0.0,0.0,0.0,0
ee1fb8c2389c9131c9690c615b0421e3ef85ef2e0d8708753cc4537f37b43b16,18,60.0,60.0,1.0,40.0,0.0,0.0,60.0,0.0,0.0,0.0,0.0,0.0,0.0,0
7e18ed6b6a4f5e6c0561ad442105ae448760a05c7a9d6a8b0ee2338bfc8a215a,18,20.0,20.0,2.0,80.0,0.0,0.0,20.0,0.0,0.0,0.0,0.0,0.0,0.0,0
11a5327006ae74d6d626ae11682159b2ddec2b35f06c1e5cb8f6af71d62b6150,18,0.0,0.0,0,100.0,0.0,0.0,0.0,0.0,0,0,0,0,0,0
6dfded1f5fe1e7d726335c953221f00f879b1d165e3343e8c5a6ab250cccc1b5,18,20.0,20.0,1.0,80.0,0.0,0.0,20.0,0.0,0.0,0.0,0.0,0.0,0.0,0
eb6e1b9daaaaa5696fa850633c5515c433d5b87d23ba747fae1b1d241bf352d7,18,40.0,40.0,2.0,60.0,0.0,0.0,40.0,0.0,50.0,0.0,0.0,0.0,0.0,1
2f81a633e150ba38e0f28d4150a4233c973c48ea75f4c04785c7051bb2da6476,18,40.0,40.0,1.5,60.0,0.0,0.0,40.0,0.0,33.33,0.0,0.0,0.0,0.0,0
77264daeadb16a58e6db05b32caa18a6e14a87b11eb5b5304e93df06d976ebac,18,40.0,60.0,2.5,40.0,20.0,0.0,40.0,0.0,66.67,0.0,0.0,0.0,0.0,1
7cda355a22474ae1d504842a79d0b63b8df88d3112577e84a3a7c24c4527cd6e,18,20.0,20.0,1.0,80.0,0.0,0.0,20.0,0.0,0.0,0.0,0.0,0.0,0.0,1
f0f5e7264ccf185f69867882f343b21fb76c875432032f94783a62b75c7f06d8,19,0.0,0.0,0,100.0,0.0,0.0,0.0,0.0,0,0,0,0,0,1
bea1fd598b044294e94c08fb6ba66c880547527b0fca4c98433ea5c5255b6486,19,60.0,60.0,3.33,40.0,0.0,0.0,40.0,20.0,50.0,20.0,0.0,0.0,0.0,1
0a6d27f42143da0f4255dee866b57c165ee2f5446cc6b0e8b346284e6961c0d7,19,100.0,100.0,1.2,0.0,0.0,0.0,100.0,0.0,16.67,0.0,0.0,0.0,0.0,0
8c1200ed8c1aa6119aa004f973d7151041b9635fbadf15947c0f040e96efdc13,19,60.0,60.0,2.0,40.0,0.0,0.0,60.0,0.0,0.0,0.0,33.33,16.67,0.0,0
7dbdab563e7e15aa95ac403a116a90f2e562da020bcfb2fb9272e5b60467b243,19,80.0,80.0,1.0,20.0,0.0,0.0,80.0,0.0,0.0,0.0,0.0,0.0,0.0,0
0cea6aeede252ac60167b0626adf2b05b7ae8127355c433ae34e30f4d699ef46,19,60.0,60.0,1.0,40.0,0.0,0.0,60.0,0.0,0.0,0.0,0.0,0.0,0.0,0
e6dff2507e2cded9b40679886cfb3d1efdf6c93e04429a15aa32bf7c42379014,19,40.0,60.0,1.0,40.0,20.0,0.0,40.0,0.0,0.0,0.0,50.0,0.0,0.0,1
52aca6821d84655184a01eea864739fdd027efa64e5d3dda746492a1d482592b,19,80.0,80.0,1.0,20.0,0.0,0.0,80.0,0.0,0.0,0.0,0.0,0.0,0.0,0
5d15b4c18169a969fb511d7c5e9500e4ee0d47f244f8f30bd161b382eb36ca3a,19,100.0,100.0,1.2,0.0,0.0,0.0,100.0,0.0,16.67,0.0,0.0,0.0,0.0,0
b62ab1a3cf13ed67703a0727ca2eddbadbac166ba79a660db16813f91c6ea703,19,20.0,20.0,3.0,80.0,0.0,0.0,20.0,0.0,66.67,0.0,0.0,0.0,0.0,1
871a769b73d78a5f7b08476bcfc74224cfbbc0484ac4245efbfe2629b451da70,19,80.0,80.0,1.25,20.0,0.0,0.0,80.0,0.0,0.0,0.0,0.0,20.0,0.0,0
c51d33a9e820fbb60a3550668e8d4905dab86d596809bf7feb2f572b3c90f458,19,100.0,100.0,1.0,0.0,0.0,0.0,100.0,0.0,0.0,0.0,0.0,0.0,0.0,0
65c5cceeda572ac4df5da80727121a381c55b55ecf23c2540c5c9e9bd56a6deb,19,40.0,60.0,1.5,40.0,20.0,0.0,40.0,0.0,25.0,0.0,25.0,0.0,0.0,0
c6226fb275c73f0679f124c7d0e7fc2811927d017d2398687f8ebb08706b739d,19,60.0,60.0,1.33,40.0,0.0,0.0,60.0,0.0,0.0,0.0,25.0,0.0,0.0,0
5f6d449c8d3031dca05469e64697092dd2e4dc4a19db4862541ddc0c63bad82c,19,0.0,0.0,0,100.0,0.0,0.0,0.0,0.0,0,0,0,0,0,1
1a1fcc78652119b699d463d980c28c912fe5706244aa67adf5b74c1415a40d1f,19,80.0,80.0,1.5,20.0,0.0,0.0,80.0,0.0,16.67,0.0,0.0,16.67,0.0,0
dbb58a782a8391f9362b61146ae301e107ef5d32fec11c4c80cb97a4c4f3b1fe,19,0.0,0.0,0,100.0,0.0,0.0,0.0,0.0,0,0,0,0,0,1
09d3adadd62dc358676f46854c3cb1730a8dd1524912ed32875c2897cc305d3a,19,0.0,0.0,0,100.0,0.0,0.0,0.0,0.0,0,0,0,0,0,1
4466cd3c0ca55904f2c68b9f3ebb6e4b40278381e0e1ee75229e484a0987bc5b,19,20.0,20.0,1.0,80.0,0.0,0.0,20.0,0.0,0.0,0.0,0.0,0.0,0.0,1
bc79796c312cefba38d2fd2d91c107fa8c81c872409e33dc8a442c094d6ca812,19,20.0,20.0,2.0,80.0,0.0,0.0,20.0,0.0,0.0,0.0,50.0,0.0,0.0,1
284931b88b1830cebdb23f22400b7c8023a9708d56f799bd53c1615c1737ce76,19,80.0,80.0,1.5,20.0,0.0,0.0,80.0,0.0,0.0,0.0,16.67,16.67,0.0,0
f9a8a21c9b73c3208c045992075e9922943c4cb2be3965bb586c7f37969240fa,19,0.0,0.0,0,100.0,0.0,0.0,0.0,0.0,0,0,0,0,0,1
3487b84d699f3ca6391a8ece0ae258bff2425a632472b1e1f896afa53acb25ea,19,40.0,40.0,1.0,60.0,0.0,0.0,40.0,0.0,0.0,0.0,0.0,0.0,0.0,0
ed4fe17c8d3c7c92516468c9b2ff5d644b40f1d47b4bd3c0b74098d8c7f3eef6,19,0.0,40.0,0,60.0,40.0,0.0,0.0,0.0,83.33,16.67,0.0,0.0,0.0,1
de956d32073e8a75693409f5d8997fad974e5fe83ba5f248d9be5ca8b0b5b771,19,0.0,0.0,0,100.0,0.0,0.0,0.0,0.0,0,0,0,0,0,1
26baa8c449c9aac1f9f0efd0e8373ac9799576cfe215c00334e6a7feda4c623d,19,100.0,100.0,1.4,0.0,0.0,0.0,100.0,0.0,28.57,0.0,0.0,0.0,0.0,0
5884cecff1c8138fb57d9eef946cccaf2416ad50ecae4a8fbfc16e2d450ae284,19,40.0,60.0,1.5,40.0,20.0,0.0,40.0,0.0,50.0,0.0,0.0,0.0,0.0,0
582d8669894c2bac0eac1aa38a899cdaff4337a8ec165f517875eacf6f877a0c,19,60.0,60.0,1.0,40.0,0.0,0.0,60.0,0.0,0.0,0.0,0.0,0.0,0.0,0
cb7e46e2372c92d66fafddf476198f7a89e40ae8a1d0d68a36a7827f3ff9ab5e,19,40.0,40.0,1.5,60.0,0.0,0.0,40.0,0.0,0.0,0.0,0.0,0.0,0.0,0
6a63f2f94d4948ffb1a3b321be09985cd651eb146bbffd86d3f2e379ddb26c2f,19,80.0,80.0,1.25,20.0,0.0,0.0,80.0,0.0,20.0,0.0,0.0,0.0,0.0,0
dc40698058c0dc42e15b7fdb861468a19f968e0ea6770b8c7543dcb5eb9ddc84,19,40.0,40.0,2.0,60.0,0.0,0.0,40.0,0.0,50.0,0.0,0.0,0.0,0.0,0
d8bfa7b98a53c17705aa5b8bdce4e3072af909a0f3b91da32ed1620bca2e1bdb,19,100.0,100.0,1.2,0.0,0.0,0.0,100.0,0.0,16.67,0.0,0.0,0.0,0.0,0
40ad2731065b32d555d2b940188ebc68b4110a88276c47caf46b00c2356f2340,19,60.0,60.0,1.67,40.0,0.0,0.0,60.0,0.0,40.0,0.0,0.0,0.0,0.0,0
cf21a02c0fceaedee9ede7a20134751528e6dfd7d1375867b110a1201916d21b,19,100.0,100.0,2.2,0.0,0.0,0.0,100.0,0.0,45.45,0.0,0.0,0.0,0.0,1
ee6d82a67d8cf3f6a8be6e6e20b5e6563580daf8a9eb274246a088620ffaf1f3,19,0.0,0.0,0,100.0,0.0,0.0,0.0,0.0,0,0,0,0,0,1
041ffbe1f88dc28cf4dd400b4b587a2b80317bff2e7061938baf0d6179af8b0f,19,20.0,40.0,5.0,60.0,20.0,0.0,20.0,0.0,50.0,16.67,16.67,0.0,0.0,1
c5c9fb3ca95c66e28be83a8cb3f6e9a7de68f8af219de7aa6892a8d545315df8,19,20.0,20.0,1.0,80.0,0.0,0.0,20.0,0.0,0.0,0.0,0.0,0.0,0.0,0
13691f00cb017671d5ec838415473cd86f4552abffa59961a3850ca7a204d6be,19,0.0,0.0,0,100.0,0.0,0.0,0.0,0.0,0,0,0,0,0,1
09f70902c186765c8015a6897b24930f6e7c9ae5e2ae10627a9db42356ac0fbf,19,80.0,80.0,1.0,20.0,0.0,0.0,80.0,0.0,0.0,0.0,0.0,0.0,0.0,0
cccd9b561f6be3143b8ff0eee5c1c96a478e25f030f89dd5933607d0e3269089,19,60.0,80.0,2.67,20.0,20.0,0.0,60.0,0.0,33.33,0.0,22.22,0.0,11.11,0
a88c26dd29e87deffb39720eeadc27c503fb8cc231520b46665ff836a4a98898,19,0.0,0.0,0,100.0,0.0,0.0,0.0,0.0,0,0,0,0,0,1
a295359500eb864856b625eff9b4053abd710657601d5a424000e03fb3b70049,19,20.0,20.0,4.0,80.0,0.0,0.0,20.0,0.0,50.0,0.0,25.0,0.0,0.0,1
9a2f523ca607dde97560a019b5ee630714da3d71a273eeb85c559f4be214bf09,19,60.0,60.0,2.0,40.0,0.0,0.0,60.0,0.0,33.33,0.0,16.67,0.0,0.0,1
19b43d008633aae7c80e1dbda493ae14212b5fa548567f3ac7ee055d60d91a6f,19,40.0,40.0,1.0,60.0,0.0,0.0,40.0,0.0,0.0,0.0,0.0,0.0,0.0,0
71454be5276eb3d76b4d78f0e6ed5c4f3100437aed681b4ccd42c2cd0fccc580,19,60.0,60.0,1.33,40.0,0.0,0.0,60.0,0.0,0.0,0.0,0.0,0.0,0.0,0
78c9d7e07f481abe595e8af35ab2b307895c0450c3276f85115504907305691c,19,40.0,40.0,2.0,60.0,0.0,0.0,40.0,0.0,25.0,0.0,25.0,0.0,0.0,0
7ae1144fa4836e80c9b4ceaaf4d5c076471cb0a5248bb2e7b9f67fbb9afbc423,19,20.0,20.0,1.0,80.0,0.0,0.0,20.0,0.0,0.0,0.0,0.0,0.0,0.0,0
bc3c2360d9fc38b956c5c979c0e520d10896b9e0033192c12c5b54a5ba553c40,19,0.0,0.0,0,100.0,0.0,0.0,0.0,0.0,0,0,0,0,0,0
917b43598c2c9a051b3e67d3091cb8397c3d7d84cf8c48d360b28ebd9205ee61,19,40.0,40.0,1.0,60.0,0.0,0.0,40.0,0.0,0.0,0.0,0.0,0.0,0.0,0
63c0b75de1a26a5aa5c92a26865856289551e04b311d2cf3ae0d7dbbc26b1933,19,0.0,0.0,0,100.0,0.0,0.0,0.0,0.0,0,0,0,0,0,1
22a3f0ac2b844406abb20f191a36f739eccec8faf1f20504f1c7b85855719842,19,0.0,0.0,0,100.0,0.0,0.0,0.0,0.0,0,0,0,0,0,1
312c31c24c04740976df1dc61978bcb5d493372ad6d89b92192ad6fe85b765e9,19,20.0,40.0,1.0,60.0,20.0,0.0,20.0,0.0,0.0,0.0,0.0,0.0,0.0,0
ee1fb8c2389c9131c9690c615b0421e3ef85ef2e0d8708753cc4537f37b43b16,19,60.0,60.0,1.0,40.0,0.0,0.0,60.0,0.0,0.0,0.0,0.0,0.0,0.0,0
7e18ed6b6a4f5e6c0561ad442105ae448760a05c7a9d6a8b0ee2338bfc8a215a,19,0.0,0.0,0,100.0,0.0,0.0,0.0,0.0,0,0,0,0,0,0
11a5327006ae74d6d626ae11682159b2ddec2b35f06c1e5cb8f6af71d62b6150,19,100.0,100.0,1.0,0.0,0.0,0.0,100.0,0.0,0.0,0.0,0.0,0.0,0.0,0
6dfded1f5fe1e7d726335c953221f00f879b1d165e3343e8c5a6ab250cccc1b5,19,20.0,20.0,3.0,80.0,0.0,0.0,20.0,0.0,33.33,0.0,33.33,0.0,0.0,0
eb6e1b9daaaaa5696fa850633c5515c433d5b87d23ba747fae1b1d241bf352d7,19,60.0,60.0,1.0,40.0,0.0,0.0,60.0,0.0,0.0,0.0,0.0,0.0,0.0,1
2f81a633e150ba38e0f28d4150a4233c973c48ea75f4c04785c7051bb2da6476,19,80.0,80.0,2.0,20.0,0.0,0.0,80.0,0.0,25.0,25.0,0.0,0.0,0.0,0
77264daeadb16a58e6db05b32caa18a6e14a87b11eb5b5304e93df06d976ebac,19,20.0,20.0,1.0,80.0,0.0,0.0,20.0,0.0,0.0,0.0,0.0,0.0,0.0,1
7cda355a22474ae1d504842a79d0b63b8df88d3112577e84a3a7c24c4527cd6e,19,20.0,40.0,1.0,60.0,20.0,0.0,20.0,0.0,0.0,0.0,0.0,0.0,0.0,1
f0f5e7264ccf185f69867882f343b21fb76c875432032f94783a62b75c7f06d8,22,0.0,0.0,0,100.0,0.0,0.0,0.0,0.0,0,0,0,0,0,1
bea1fd598b044294e94c08fb6ba66c880547527b0fca4c98433ea5c5255b6486,22,0.0,0.0,0,100.0,0.0,0.0,0.0,0.0,0,0,0,0,0,1
0a6d27f42143da0f4255dee866b57c165ee2f5446cc6b0e8b346284e6961c0d7,22,83.33,100.0,2.6,0.0,16.67,0.0,83.33,0.0,42.86,7.14,7.14,7.14,0.0,0
8c1200ed8c1aa6119aa004f973d7151041b9635fbadf15947c0f040e96efdc13,22,66.67,100.0,2.0,0.0,16.67,16.67,66.67,0.0,63.16,0.0,15.79,0.0,0.0,0
7dbdab563e7e15aa95ac403a116a90f2e562da020bcfb2fb9272e5b60467b243,22,83.33,83.33,1.2,16.67,0.0,0.0,83.33,0.0,0.0,0.0,16.67,0.0,0.0,0
0cea6aeede252ac60167b0626adf2b05b7ae8127355c433ae34e30f4d699ef46,22,100.0,100.0,1.0,0.0,0.0,0.0,100.0,0.0,0.0,0.0,0.0,0.0,0.0,0
e6dff2507e2cded9b40679886cfb3d1efdf6c93e04429a15aa32bf7c42379014,22,33.33,33.33,2.5,66.67,0.0,0.0,33.33,0.0,20.0,0.0,40.0,0.0,0.0,1
52aca6821d84655184a01eea864739fdd027efa64e5d3dda746492a1d482592b,22,83.33,100.0,1.4,0.0,16.67,0.0,83.33,0.0,12.5,0.0,25.0,0.0,0.0,0
5d15b4c18169a969fb511d7c5e9500e4ee0d47f244f8f30bd161b382eb36ca3a,22,100.0,100.0,1.17,0.0,0.0,0.0,100.0,0.0,0.0,0.0,14.29,0.0,0.0,0
b62ab1a3cf13ed67703a0727ca2eddbadbac166ba79a660db16813f91c6ea703,22,16.67,16.67,2.0,83.33,0.0,0.0,16.67,0.0,50.0,0.0,0.0,0.0,0.0,1
871a769b73d78a5f7b08476bcfc74224cfbbc0484ac4245efbfe2629b451da70,22,83.33,83.33,1.6,16.67,0.0,0.0,83.33,0.0,25.0,0.0,12.5,0.0,0.0,0
c51d33a9e820fbb60a3550668e8d4905dab86d596809bf7feb2f572b3c90f458,22,100.0,100.0,1.17,0.0,0.0,0.0,100.0,0.0,0.0,0.0,14.29,0.0,0.0,0
65c5cceeda572ac4df5da80727121a381c55b55ecf23c2540c5c9e9bd56a6deb,22,83.33,100.0,1.6,0.0,16.67,0.0,83.33,0.0,33.33,0.0,11.11,0.0,0.0,0
c6226fb275c73f0679f124c7d0e7fc2811927d017d2398687f8ebb08706b739d,22,0.0,0.0,0,100.0,0.0,0.0,0.0,0.0,0,0,0,0,0,0
5f6d449c8d3031dca05469e64697092dd2e4dc4a19db4862541ddc0c63bad82c,22,0.0,0.0,0,100.0,0.0,0.0,0.0,0.0,0,0,0,0,0,1
1a1fcc78652119b699d463d980c28c912fe5706244aa67adf5b74c1415a40d1f,22,83.33,83.33,1.2,16.67,0.0,0.0,83.33,0.0,16.67,0.0,0.0,0.0,0.0,0
dbb58a782a8391f9362b61146ae301e107ef5d32fec11c4c80cb97a4c4f3b1fe,22,0.0,0.0,0,100.0,0.0,0.0,0.0,0.0,0,0,0,0,0,1
09d3adadd62dc358676f46854c3cb1730a8dd1524912ed32875c2897cc305d3a,22,0.0,0.0,0,100.0,0.0,0.0,0.0,0.0,0,0,0,0,0,1
4466cd3c0ca55904f2c68b9f3ebb6e4b40278381e0e1ee75229e484a0987bc5b,22,50.0,50.0,2.0,50.0,0.0,0.0,50.0,0.0,16.67,0.0,33.33,0.0,0.0,1
bc79796c312cefba38d2fd2d91c107fa8c81c872409e33dc8a442c094d6ca812,22,66.67,100.0,1.25,0.0,33.33,0.0,66.67,0.0,28.57,0.0,14.29,0.0,0.0,1
284931b88b1830cebdb23f22400b7c8023a9708d56f799bd53c1615c1737ce76,22,100.0,100.0,1.67,0.0,0.0,0.0,100.0,0.0,10.0,10.0,20.0,0.0,0.0,0
f9a8a21c9b73c3208c045992075e9922943c4cb2be3965bb586c7f37969240fa,22,0.0,0.0,0,100.0,0.0,0.0,0.0,0.0,0,0,0,0,0,1
3487b84d699f3ca6391a8ece0ae258bff2425a632472b1e1f896afa53acb25ea,22,66.67,83.33,1.5,16.67,16.67,0.0,66.67,0.0,44.44,0.0,0.0,11.11,0.0,0
ed4fe17c8d3c7c92516468c9b2ff5d644b40f1d47b4bd3c0b74098d8c7f3eef6,22,0.0,0.0,0,100.0,0.0,0.0,0.0,0.0,0,0,0,0,0,1
de956d32073e8a75693409f5d8997fad974e5fe83ba5f248d9be5ca8b0b5b771,22,0.0,0.0,0,100.0,0.0,0.0,0.0,0.0,0,0,0,0,0,1
26baa8c449c9aac1f9f0efd0e8373ac9799576cfe215c00334e6a7feda4c623d,22,100.0,100.0,1.0,0.0,0.0,0.0,100.0,0.0,0.0,0.0,0.0,0.0,0.0,0
5884cecff1c8138fb57d9eef946cccaf2416ad50ecae4a8fbfc16e2d450ae284,22,83.33,83.33,1.6,16.67,0.0,0.0,83.33,0.0,0.0,12.5,25.0,0.0,0.0,0
582d8669894c2bac0eac1aa38a899cdaff4337a8ec165f517875eacf6f877a0c,22,83.33,83.33,2.8,16.67,0.0,0.0,66.67,16.67,42.86,0.0,7.14,0.0,14.29,0
cb7e46e2372c92d66fafddf476198f7a89e40ae8a1d0d68a36a7827f3ff9ab5e,22,100.0,100.0,1.5,0.0,0.0,0.0,100.0,0.0,22.22,11.11,0.0,0.0,0.0,0
6a63f2f94d4948ffb1a3b321be09985cd651eb146bbffd86d3f2e379ddb26c2f,22,100.0,100.0,1.17,0.0,0.0,0.0,100.0,0.0,14.29,0.0,0.0,0.0,0.0,0
dc40698058c0dc42e15b7fdb861468a19f968e0ea6770b8c7543dcb5eb9ddc84,22,50.0,66.67,1.0,33.33,16.67,0.0,50.0,0.0,62.5,0.0,0.0,0.0,0.0,0
d8bfa7b98a53c17705aa5b8bdce4e3072af909a0f3b91da32ed1620bca2e1bdb,22,0.0,0.0,0,100.0,0.0,0.0,0.0,0.0,0,0,0,0,0,0
40ad2731065b32d555d2b940188ebc68b4110a88276c47caf46b00c2356f2340,22,50.0,66.67,1.67,33.33,16.67,0.0,50.0,0.0,37.5,0.0,25.0,0.0,0.0,0
cf21a02c0fceaedee9ede7a20134751528e6dfd7d1375867b110a1201916d21b,22,100.0,100.0,1.67,0.0,0.0,0.0,100.0,0.0,20.0,0.0,10.0,0.0,0.0,1
ee6d82a67d8cf3f6a8be6e6e20b5e6563580daf8a9eb274246a088620ffaf1f3,22,0.0,0.0,0,100.0,0.0,0.0,0.0,0.0,0,0,0,0,0,1
041ffbe1f88dc28cf4dd400b4b587a2b80317bff2e7061938baf0d6179af8b0f,22,50.0,50.0,2.0,50.0,0.0,0.0,50.0,0.0,16.67,0.0,0.0,16.67,0.0,1
c5c9fb3ca95c66e28be83a8cb3f6e9a7de68f8af219de7aa6892a8d545315df8,22,83.33,83.33,1.0,16.67,0.0,0.0,83.33,0.0,0.0,0.0,0.0,0.0,0.0,0
13691f00cb017671d5ec838415473cd86f4552abffa59961a3850ca7a204d6be,22,0.0,0.0,0,100.0,0.0,0.0,0.0,0.0,0,0,0,0,0,1
09f70902c186765c8015a6897b24930f6e7c9ae5e2ae10627a9db42356ac0fbf,22,83.33,83.33,1.6,16.67,0.0,0.0,83.33,0.0,25.0,0.0,12.5,0.0,0.0,0
cccd9b561f6be3143b8ff0eee5c1c96a478e25f030f89dd5933607d0e3269089,22,0.0,0.0,0,100.0,0.0,0.0,0.0,0.0,0,0,0,0,0,0
a88c26dd29e87deffb39720eeadc27c503fb8cc231520b46665ff836a4a98898,22,0.0,0.0,0,100.0,0.0,0.0,0.0,0.0,0,0,0,0,0,1
a295359500eb864856b625eff9b4053abd710657601d5a424000e03fb3b70049,22,0.0,0.0,0,100.0,0.0,0.0,0.0,0.0,0,0,0,0,0,1
9a2f523ca607dde97560a019b5ee630714da3d71a273eeb85c559f4be214bf09,22,66.67,83.33,1.25,16.67,16.67,0.0,66.67,0.0,16.67,0.0,16.67,0.0,0.0,1
19b43d008633aae7c80e1dbda493ae14212b5fa548567f3ac7ee055d60d91a6f,22,83.33,100.0,1.2,0.0,16.67,0.0,83.33,0.0,14.29,0.0,14.29,0.0,0.0,0
71454be5276eb3d76b4d78f0e6ed5c4f3100437aed681b4ccd42c2cd0fccc580,22,83.33,83.33,1.4,16.67,0.0,0.0,83.33,0.0,14.29,0.0,14.29,0.0,0.0,0
78c9d7e07f481abe595e8af35ab2b307895c0450c3276f85115504907305691c,22,0.0,0.0,0,100.0,0.0,0.0,0.0,0.0,0,0,0,0,0,0
7ae1144fa4836e80c9b4ceaaf4d5c076471cb0a5248bb2e7b9f67fbb9afbc423,22,66.67,66.67,2.0,33.33,0.0,0.0,66.67,0.0,37.5,0.0,12.5,0.0,0.0,0
bc3c2360d9fc38b956c5c979c0e520d10896b9e0033192c12c5b54a5ba553c40,22,50.0,50.0,1.0,50.0,0.0,0.0,50.0,0.0,0.0,0.0,0.0,0.0,0.0,0
917b43598c2c9a051b3e67d3091cb8397c3d7d84cf8c48d360b28ebd9205ee61,22,100.0,100.0,1.17,0.0,0.0,0.0,100.0,0.0,0.0,0.0,14.29,0.0,0.0,0
63c0b75de1a26a5aa5c92a26865856289551e04b311d2cf3ae0d7dbbc26b1933,22,0.0,0.0,0,100.0,0.0,0.0,0.0,0.0,0,0,0,0,0,1
22a3f0ac2b844406abb20f191a36f739eccec8faf1f20504f1c7b85855719842,22,0.0,16.67,0,83.33,16.67,0.0,0.0,0.0,100.0,0.0,0.0,0.0,0.0,1
312c31c24c04740976df1dc61978bcb5d493372ad6d89b92192ad6fe85b765e9,22,100.0,100.0,1.33,0.0,0.0,0.0,100.0,0.0,12.5,0.0,0.0,0.0,12.5,0
ee1fb8c2389c9131c9690c615b0421e3ef85ef2e0d8708753cc4537f37b43b16,22,83.33,83.33,1.2,16.67,0.0,0.0,83.33,0.0,0.0,0.0,16.67,0.0,0.0,0
7e18ed6b6a4f5e6c0561ad442105ae448760a05c7a9d6a8b0ee2338bfc8a215a,22,66.67,66.67,1.0,33.33,0.0,0.0,66.67,0.0,0.0,0.0,0.0,0.0,0.0,0
11a5327006ae74d6d626ae11682159b2ddec2b35f06c1e5cb8f6af71d62b6150,22,100.0,100.0,1.83,0.0,0.0,0.0,100.0,0.0,36.36,0.0,9.09,0.0,0.0,0
6dfded1f5fe1e7d726335c953221f00f879b1d165e3343e8c5a6ab250cccc1b5,22,50.0,50.0,2.33,50.0,0.0,0.0,50.0,0.0,42.86,0.0,14.29,0.0,0.0,0
eb6e1b9daaaaa5696fa850633c5515c433d5b87d23ba747fae1b1d241bf352d7,22,66.67,66.67,1.25,33.33,0.0,0.0,66.67,0.0,0.0,0.0,20.0,0.0,0.0,1
2f81a633e150ba38e0f28d4150a4233c973c48ea75f4c04785c7051bb2da6476,22,50.0,50.0,1.33,50.0,0.0,0.0,50.0,0.0,0.0,0.0,25.0,0.0,0.0,0
77264daeadb16a58e6db05b32caa18a6e14a87b11eb5b5304e93df06d976ebac,22,66.67,83.33,1.25,16.67,16.67,0.0,66.67,0.0,33.33,0.0,0.0,0.0,0.0,1
7cda355a22474ae1d504842a79d0b63b8df88d3112577e84a3a7c24c4527cd6e,22,50.0,50.0,1.67,50.0,0.0,0.0,50.0,0.0,20.0,0.0,20.0,0.0,0.0,1
f0f5e7264ccf185f69867882f343b21fb76c875432032f94783a62b75c7f06d8,23,0.0,0.0,0,100.0,0.0,0.0,0.0,0.0,0,0,0,0,0,1
bea1fd598b044294e94c08fb6ba66c880547527b0fca4c98433ea5c5255b6486,23,0.0,25.0,0,75.0,25.0,0.0,0.0,0.0,50.0,50.0,0.0,0.0,0.0,1
0a6d27f42143da0f4255dee866b57c165ee2f5446cc6b0e8b346284e6961c0d7,23,75.0,100.0,1.0,0.0,0.0,25.0,75.0,0.0,70.0,0.0,0.0,0.0,0.0,0
8c1200ed8c1aa6119aa004f973d7151041b9635fbadf15947c0f040e96efdc13,23,75.0,100.0,3.0,0.0,25.0,0.0,75.0,0.0,60.0,0.0,10.0,0.0,0.0,0
7dbdab563e7e15aa95ac403a116a90f2e562da020bcfb2fb9272e5b60467b243,23,50.0,50.0,1.0,50.0,0.0,0.0,50.0,0.0,0.0,0.0,0.0,0.0,0.0,0
0cea6aeede252ac60167b0626adf2b05b7ae8127355c433ae34e30f4d699ef46,23,75.0,75.0,2.0,25.0,0.0,0.0,75.0,0.0,33.33,0.0,0.0,0.0,16.67,0
e6dff2507e2cded9b40679886cfb3d1efdf6c93e04429a15aa32bf7c42379014,23,25.0,25.0,2.0,75.0,0.0,0.0,25.0,0.0,50.0,0.0,0.0,0.0,0.0,1
52aca6821d84655184a01eea864739fdd027efa64e5d3dda746492a1d482592b,23,75.0,75.0,2.0,25.0,0.0,0.0,75.0,0.0,50.0,0.0,0.0,0.0,0.0,0
5d15b4c18169a969fb511d7c5e9500e4ee0d47f244f8f30bd161b382eb36ca3a,23,100.0,100.0,2.75,0.0,0.0,0.0,75.0,25.0,63.64,0.0,0.0,0.0,0.0,0
b62ab1a3cf13ed67703a0727ca2eddbadbac166ba79a660db16813f91c6ea703,23,25.0,50.0,1.0,50.0,25.0,0.0,25.0,0.0,80.0,0.0,0.0,0.0,0.0,1
871a769b73d78a5f7b08476bcfc74224cfbbc0484ac4245efbfe2629b451da70,23,100.0,100.0,1.5,0.0,0.0,0.0,100.0,0.0,33.33,0.0,0.0,0.0,0.0,0
c51d33a9e820fbb60a3550668e8d4905dab86d596809bf7feb2f572b3c90f458,23,100.0,100.0,2.75,0.0,0.0,0.0,75.0,25.0,63.64,0.0,0.0,0.0,0.0,0
65c5cceeda572ac4df5da80727121a381c55b55ecf23c2540c5c9e9bd56a6deb,23,50.0,75.0,1.0,25.0,25.0,0.0,50.0,0.0,60.0,0.0,0.0,0.0,0.0,0
c6226fb275c73f0679f124c7d0e7fc2811927d017d2398687f8ebb08706b739d,23,0.0,0.0,0,100.0,0.0,0.0,0.0,0.0,0,0,0,0,0,0
5f6d449c8d3031dca05469e64697092dd2e4dc4a19db4862541ddc0c63bad82c,23,0.0,0.0,0,100.0,0.0,0.0,0.0,0.0,0,0,0,0,0,1
1a1fcc78652119b699d463d980c28c912fe5706244aa67adf5b74c1415a40d1f,23,75.0,75.0,1.0,25.0,0.0,0.0,75.0,0.0,0.0,0.0,0.0,0.0,0.0,0
dbb58a782a8391f9362b61146ae301e107ef5d32fec11c4c80cb97a4c4f3b1fe,23,0.0,25.0,0,75.0,25.0,0.0,0.0,0.0,0.0,0.0,100.0,0.0,0.0,1
09d3adadd62dc358676f46854c3cb1730a8dd1524912ed32875c2897cc305d3a,23,0.0,0.0,0,100.0,0.0,0.0,0.0,0.0,0,0,0,0,0,1
4466cd3c0ca55904f2c68b9f3ebb6e4b40278381e0e1ee75229e484a0987bc5b,23,50.0,50.0,1.0,50.0,0.0,0.0,50.0,0.0,0.0,0.0,0.0,0.0,0.0,1
bc79796c312cefba38d2fd2d91c107fa8c81c872409e33dc8a442c094d6ca812,23,75.0,100.0,1.0,0.0,25.0,0.0,75.0,0.0,25.0,0.0,0.0,0.0,0.0,1
284931b88b1830cebdb23f22400b7c8023a9708d56f799bd53c1615c1737ce76,23,75.0,100.0,2.0,0.0,25.0,0.0,75.0,0.0,42.86,0.0,0.0,14.29,0.0,0
f9a8a21c9b73c3208c045992075e9922943c4cb2be3965bb586c7f37969240fa,23,0.0,0.0,0,100.0,0.0,0.0,0.0,0.0,0,0,0,0,0,1
3487b84d699f3ca6391a8ece0ae258bff2425a632472b1e1f896afa53acb25ea,23,75.0,100.0,3.0,0.0,25.0,0.0,75.0,0.0,40.0,0.0,30.0,0.0,0.0,0
ed4fe17c8d3c7c92516468c9b2ff5d644b40f1d47b4bd3c0b74098d8c7f3eef6,23,0.0,0.0,0,100.0,0.0,0.0,0.0,0.0,0,0,0,0,0,1
de956d32073e8a75693409f5d8997fad974e5fe83ba5f248d9be5ca8b0b5b771,23,50.0,50.0,1.5,50.0,0.0,0.0,50.0,0.0,33.33,0.0,0.0,0.0,0.0,1
26baa8c449c9aac1f9f0efd0e8373ac9799576cfe215c00334e6a7feda4c623d,23,100.0,100.0,1.25,0.0,0.0,0.0,100.0,0.0,20.0,0.0,0.0,0.0,0.0,0
5884cecff1c8138fb57d9eef946cccaf2416ad50ecae4a8fbfc16e2d450ae284,23,75.0,75.0,2.67,25.0,0.0,0.0,75.0,0.0,50.0,0.0,12.5,0.0,0.0,0
582d8669894c2bac0eac1aa38a899cdaff4337a8ec165f517875eacf6f877a0c,23,100.0,100.0,3.0,0.0,0.0,0.0,75.0,25.0,66.67,0.0,0.0,0.0,0.0,0
cb7e46e2372c92d66fafddf476198f7a89e40ae8a1d0d68a36a7827f3ff9ab5e,23,75.0,100.0,1.67,0.0,25.0,0.0,75.0,0.0,28.57,14.29,0.0,14.29,0.0,0
6a63f2f94d4948ffb1a3b321be09985cd651eb146bbffd86d3f2e379ddb26c2f,23,75.0,100.0,1.33,0.0,25.0,0.0,75.0,0.0,57.14,0.0,0.0,0.0,0.0,0
dc40698058c0dc42e15b7fdb861468a19f968e0ea6770b8c7543dcb5eb9ddc84,23,75.0,75.0,1.33,25.0,0.0,0.0,75.0,0.0,25.0,0.0,0.0,0.0,0.0,0
d8bfa7b98a53c17705aa5b8bdce4e3072af909a0f3b91da32ed1620bca2e1bdb,23,75.0,100.0,2.0,0.0,25.0,0.0,75.0,0.0,40.0,0.0,30.0,0.0,0.0,0
40ad2731065b32d555d2b940188ebc68b4110a88276c47caf46b00c2356f2340,23,75.0,100.0,4.0,0.0,0.0,25.0,50.0,25.0,85.0,0.0,0.0,0.0,0.0,0
cf21a02c0fceaedee9ede7a20134751528e6dfd7d1375867b110a1201916d21b,23,100.0,100.0,1.75,0.0,0.0,0.0,100.0,0.0,42.86,0.0,0.0,0.0,0.0,1
ee6d82a67d8cf3f6a8be6e6e20b5e6563580daf8a9eb274246a088620ffaf1f3,23,0.0,0.0,0,100.0,0.0,0.0,0.0,0.0,0,0,0,0,0,1
041ffbe1f88dc28cf4dd400b4b587a2b80317bff2e7061938baf0d6179af8b0f,23,0.0,25.0,0,75.0,25.0,0.0,0.0,0.0,0.0,100.0,0.0,0.0,0.0,1
c5c9fb3ca95c66e28be83a8cb3f6e9a7de68f8af219de7aa6892a8d545315df8,23,75.0,75.0,1.33,25.0,0.0,0.0,75.0,0.0,0.0,0.0,0.0,0.0,25.0,0
13691f00cb017671d5ec838415473cd86f4552abffa59961a3850ca7a204d6be,23,0.0,0.0,0,100.0,0.0,0.0,0.0,0.0,0,0,0,0,0,1
09f70902c186765c8015a6897b24930f6e7c9ae5e2ae10627a9db42356ac0fbf,23,100.0,100.0,2.0,0.0,0.0,0.0,100.0,0.0,37.5,0.0,0.0,0.0,12.5,0
cccd9b561f6be3143b8ff0eee5c1c96a478e25f030f89dd5933607d0e3269089,23,50.0,100.0,3.5,0.0,50.0,0.0,50.0,0.0,69.23,7.69,0.0,0.0,7.69,0
a88c26dd29e87deffb39720eeadc27c503fb8cc231520b46665ff836a4a98898,23,0.0,0.0,0,100.0,0.0,0.0,0.0,0.0,0,0,0,0,0,1
a295359500eb864856b625eff9b4053abd710657601d5a424000e03fb3b70049,23,0.0,0.0,0,100.0,0.0,0.0,0.0,0.0,0,0,0,0,0,1
9a2f523ca607dde97560a019b5ee630714da3d71a273eeb85c559f4be214bf09,23,75.0,100.0,2.0,0.0,25.0,0.0,75.0,0.0,42.86,0.0,14.29,0.0,0.0,1
19b43d008633aae7c80e1dbda493ae14212b5fa548567f3ac7ee055d60d91a6f,23,50.0,75.0,1.0,25.0,25.0,0.0,50.0,0.0,33.33,0.0,0.0,0.0,0.0,0
71454be5276eb3d76b4d78f0e6ed5c4f3100437aed681b4ccd42c2cd0fccc580,23,100.0,100.0,2.0,0.0,0.0,0.0,100.0,0.0,50.0,0.0,0.0,0.0,0.0,0
78c9d7e07f481abe595e8af35ab2b307895c0450c3276f85115504907305691c,23,75.0,100.0,1.0,0.0,25.0,0.0,75.0,0.0,50.0,0.0,0.0,0.0,0.0,0
7ae1144fa4836e80c9b4ceaaf4d5c076471cb0a5248bb2e7b9f67fbb9afbc423,23,50.0,75.0,1.0,25.0,25.0,0.0,50.0,0.0,33.33,0.0,0.0,0.0,0.0,0
bc3c2360d9fc38b956c5c979c0e520d10896b9e0033192c12c5b54a5ba553c40,23,75.0,75.0,1.33,25.0,0.0,0.0,75.0,0.0,25.0,0.0,0.0,0.0,0.0,0
917b43598c2c9a051b3e67d3091cb8397c3d7d84cf8c48d360b28ebd9205ee61,23,100.0,100.0,1.5,0.0,0.0,0.0,100.0,0.0,33.33,0.0,0.0,0.0,0.0,0
63c0b75de1a26a5aa5c92a26865856289551e04b311d2cf3ae0d7dbbc26b1933,23,0.0,0.0,0,100.0,0.0,0.0,0.0,0.0,0,0,0,0,0,1
22a3f0ac2b844406abb20f191a36f739eccec8faf1f20504f1c7b85855719842,23,50.0,100.0,1.5,0.0,50.0,0.0,50.0,0.0,33.33,16.67,0.0,0.0,16.67,1
312c31c24c04740976df1dc61978bcb5d493372ad6d89b92192ad6fe85b765e9,23,75.0,100.0,1.67,0.0,25.0,0.0,75.0,0.0,55.56,11.11,0.0,0.0,0.0,0
ee1fb8c2389c9131c9690c615b0421e3ef85ef2e0d8708753cc4537f37b43b16,23,50.0,50.0,1.0,50.0,0.0,0.0,50.0,0.0,0.0,0.0,0.0,0.0,0.0,0
7e18ed6b6a4f5e6c0561ad442105ae448760a05c7a9d6a8b0ee2338bfc8a215a,23,75.0,75.0,1.0,25.0,0.0,0.0,75.0,0.0,0.0,0.0,0.0,0.0,0.0,0
11a5327006ae74d6d626ae11682159b2ddec2b35f06c1e5cb8f6af71d62b6150,23,75.0,100.0,2.33,0.0,25.0,0.0,75.0,0.0,55.56,0.0,0.0,0.0,11.11,0
6dfded1f5fe1e7d726335c953221f00f879b1d165e3343e8c5a6ab250cccc1b5,23,50.0,50.0,2.0,50.0,0.0,0.0,50.0,0.0,50.0,0.0,0.0,0.0,0.0,0
eb6e1b9daaaaa5696fa850633c5515c433d5b87d23ba747fae1b1d241bf352d7,23,50.0,75.0,2.0,25.0,25.0,0.0,50.0,0.0,60.0,0.0,0.0,0.0,0.0,1
2f81a633e150ba38e0f28d4150a4233c973c48ea75f4c04785c7051bb2da6476,23,75.0,75.0,2.67,25.0,0.0,0.0,75.0,0.0,25.0,0.0,25.0,0.0,12.5,0
77264daeadb16a58e6db05b32caa18a6e14a87b11eb5b5304e93df06d976ebac,23,25.0,50.0,1.0,50.0,25.0,0.0,25.0,0.0,0.0,50.0,0.0,0.0,0.0,1
7cda355a22474ae1d504842a79d0b63b8df88d3112577e84a3a7c24c4527cd6e,23,50.0,50.0,1.5,50.0,0.0,0.0,50.0,0.0,33.33,0.0,0.0,0.0,0.0,1
f0f5e7264ccf185f69867882f343b21fb76c875432032f94783a62b75c7f06d8,25,0.0,0.0,0,100.0,0.0,0.0,0.0,0.0,0,0,0,0,0,1
bea1fd598b044294e94c08fb6ba66c880547527b0fca4c98433ea5c5255b6486,25,0.0,0.0,0,100.0,0.0,0.0,0.0,0.0,0,0,0,0,0,1
0a6d27f42143da0f4255dee866b57c165ee2f5446cc6b0e8b346284e6961c0d7,25,20.0,20.0,1.0,80.0,0.0,0.0,20.0,0.0,0.0,0.0,0.0,0.0,0.0,0
8c1200ed8c1aa6119aa004f973d7151041b9635fbadf15947c0f040e96efdc13,25,80.0,80.0,2.75,20.0,0.0,0.0,80.0,0.0,18.18,0.0,45.45,0.0,0.0,0
7dbdab563e7e15aa95ac403a116a90f2e562da020bcfb2fb9272e5b60467b243,25,0.0,0.0,0,100.0,0.0,0.0,0.0,0.0,0,0,0,0,0,0
0cea6aeede252ac60167b0626adf2b05b7ae8127355c433ae34e30f4d699ef46,25,20.0,20.0,1.0,80.0,0.0,0.0,20.0,0.0,0.0,0.0,0.0,0.0,0.0,0
e6dff2507e2cded9b40679886cfb3d1efdf6c93e04429a15aa32bf7c42379014,25,0.0,40.0,0,60.0,40.0,0.0,0.0,0.0,66.67,33.33,0.0,0.0,0.0,1
52aca6821d84655184a01eea864739fdd027efa64e5d3dda746492a1d482592b,25,60.0,60.0,1.33,40.0,0.0,0.0,60.0,0.0,0.0,0.0,25.0,0.0,0.0,0
5d15b4c18169a969fb511d7c5e9500e4ee0d47f244f8f30bd161b382eb36ca3a,25,100.0,100.0,1.6,0.0,0.0,0.0,100.0,0.0,0.0,0.0,37.5,0.0,0.0,0
b62ab1a3cf13ed67703a0727ca2eddbadbac166ba79a660db16813f91c6ea703,25,0.0,20.0,0,80.0,20.0,0.0,0.0,0.0,100.0,0.0,0.0,0.0,0.0,1
871a769b73d78a5f7b08476bcfc74224cfbbc0484ac4245efbfe2629b451da70,25,100.0,100.0,1.4,0.0,0.0,0.0,100.0,0.0,14.29,0.0,14.29,0.0,0.0,0
c51d33a9e820fbb60a3550668e8d4905dab86d596809bf7feb2f572b3c90f458,25,0.0,0.0,0,100.0,0.0,0.0,0.0,0.0,0,0,0,0,0,0
65c5cceeda572ac4df5da80727121a381c55b55ecf23c2540c5c9e9bd56a6deb,25,0.0,0.0,0,100.0,0.0,0.0,0.0,0.0,0,0,0,0,0,0
c6226fb275c73f0679f124c7d0e7fc2811927d017d2398687f8ebb08706b739d,25,0.0,0.0,0,100.0,0.0,0.0,0.0,0.0,0,0,0,0,0,0
5f6d449c8d3031dca05469e64697092dd2e4dc4a19db4862541ddc0c63bad82c,25,0.0,0.0,0,100.0,0.0,0.0,0.0,0.0,0,0,0,0,0,1
1a1fcc78652119b699d463d980c28c912fe5706244aa67adf5b74c1415a40d1f,25,80.0,80.0,1.75,20.0,0.0,0.0,80.0,0.0,0.0,0.0,42.86,0.0,0.0,0
dbb58a782a8391f9362b61146ae301e107ef5d32fec11c4c80cb97a4c4f3b1fe,25,0.0,0.0,0,100.0,0.0,0.0,0.0,0.0,0,0,0,0,0,1
09d3adadd62dc358676f46854c3cb1730a8dd1524912ed32875c2897cc305d3a,25,0.0,0.0,0,100.0,0.0,0.0,0.0,0.0,0,0,0,0,0,1
4466cd3c0ca55904f2c68b9f3ebb6e4b40278381e0e1ee75229e484a0987bc5b,25,0.0,0.0,0,100.0,0.0,0.0,0.0,0.0,0,0,0,0,0,1
bc79796c312cefba38d2fd2d91c107fa8c81c872409e33dc8a442c094d6ca812,25,0.0,20.0,0,80.0,20.0,0.0,0.0,0.0,100.0,0.0,0.0,0.0,0.0,1
284931b88b1830cebdb23f22400b7c8023a9708d56f799bd53c1615c1737ce76,25,100.0,100.0,1.2,0.0,0.0,0.0,100.0,0.0,0.0,0.0,16.67,0.0,0.0,0
f9a8a21c9b73c3208c045992075e9922943c4cb2be3965bb586c7f37969240fa,25,0.0,0.0,0,100.0,0.0,0.0,0.0,0.0,0,0,0,0,0,1
3487b84d699f3ca6391a8ece0ae258bff2425a632472b1e1f896afa53acb25ea,25,60.0,60.0,1.0,40.0,0.0,0.0,60.0,0.0,0.0,0.0,0.0,0.0,0.0,0
ed4fe17c8d3c7c92516468c9b2ff5d644b40f1d47b4bd3c0b74098d8c7f3eef6,25,0.0,0.0,0,100.0,0.0,0.0,0.0,0.0,0,0,0,0,0,1
de956d32073e8a75693409f5d8997fad974e5fe83ba5f248d9be5ca8b0b5b771,25,0.0,0.0,0,100.0,0.0,0.0,0.0,0.0,0,0,0,0,0,1
26baa8c449c9aac1f9f0efd0e8373ac9799576cfe215c00334e6a7feda4c623d,25,80.0,80.0,1.75,20.0,0.0,0.0,80.0,0.0,0.0,0.0,42.86,0.0,0.0,0
5884cecff1c8138fb57d9eef946cccaf2416ad50ecae4a8fbfc16e2d450ae284,25,0.0,0.0,0,100.0,0.0,0.0,0.0,0.0,0,0,0,0,0,0
582d8669894c2bac0eac1aa38a899cdaff4337a8ec165f517875eacf6f877a0c,25,0.0,0.0,0,100.0,0.0,0.0,0.0,0.0,0,0,0,0,0,0
cb7e46e2372c92d66fafddf476198f7a89e40ae8a1d0d68a36a7827f3ff9ab5e,25,40.0,60.0,1.0,40.0,20.0,0.0,40.0,0.0,12.5,12.5,50.0,0.0,0.0,0
6a63f2f94d4948ffb1a3b321be09985cd651eb146bbffd86d3f2e379ddb26c2f,25,100.0,100.0,1.0,0.0,0.0,0.0,100.0,0.0,0.0,0.0,0.0,0.0,0.0,0
dc40698058c0dc42e15b7fdb861468a19f968e0ea6770b8c7543dcb5eb9ddc84,25,20.0,40.0,1.0,60.0,20.0,0.0,20.0,0.0,66.67,0.0,0.0,0.0,0.0,0
d8bfa7b98a53c17705aa5b8bdce4e3072af909a0f3b91da32ed1620bca2e1bdb,25,20.0,40.0,1.0,60.0,20.0,0.0,20.0,0.0,50.0,0.0,0.0,0.0,0.0,0
40ad2731065b32d555d2b940188ebc68b4110a88276c47caf46b00c2356f2340,25,20.0,40.0,1.0,60.0,20.0,0.0,20.0,0.0,80.0,0.0,0.0,0.0,0.0,0
cf21a02c0fceaedee9ede7a20134751528e6dfd7d1375867b110a1201916d21b,25,80.0,80.0,1.75,20.0,0.0,0.0,80.0,0.0,0.0,14.29,28.57,0.0,0.0,1
ee6d82a67d8cf3f6a8be6e6e20b5e6563580daf8a9eb274246a088620ffaf1f3,25,0.0,0.0,0,100.0,0.0,0.0,0.0,0.0,0,0,0,0,0,1
041ffbe1f88dc28cf4dd400b4b587a2b80317bff2e7061938baf0d6179af8b0f,25,0.0,0.0,0,100.0,0.0,0.0,0.0,0.0,0,0,0,0,0,1
c5c9fb3ca95c66e28be83a8cb3f6e9a7de68f8af219de7aa6892a8d545315df8,25,0.0,0.0,0,100.0,0.0,0.0,0.0,0.0,0,0,0,0,0,0
13691f00cb017671d5ec838415473cd86f4552abffa59961a3850ca7a204d6be,25,0.0,0.0,0,100.0,0.0,0.0,0.0,0.0,0,0,0,0,0,1
09f70902c186765c8015a6897b24930f6e7c9ae5e2ae10627a9db42356ac0fbf,25,80.0,80.0,2.25,20.0,0.0,0.0,80.0,0.0,44.44,0.0,11.11,0.0,0.0,0
cccd9b561f6be3143b8ff0eee5c1c96a478e25f030f89dd5933607d0e3269089,25,0.0,0.0,0,100.0,0.0,0.0,0.0,0.0,0,0,0,0,0,0
a88c26dd29e87deffb39720eeadc27c503fb8cc231520b46665ff836a4a98898,25,0.0,0.0,0,100.0,0.0,0.0,0.0,0.0,0,0,0,0,0,1
a295359500eb864856b625eff9b4053abd710657601d5a424000e03fb3b70049,25,0.0,0.0,0,100.0,0.0,0.0,0.0,0.0,0,0,0,0,0,1
9a2f523ca607dde97560a019b5ee630714da3d71a273eeb85c559f4be214bf09,25,20.0,20.0,2.0,80.0,0.0,0.0,20.0,0.0,0.0,0.0,50.0,0.0,0.0,1
19b43d008633aae7c80e1dbda493ae14212b5fa548567f3ac7ee055d60d91a6f,25,60.0,80.0,2.0,20.0,20.0,0.0,60.0,0.0,14.29,0.0,42.86,0.0,0.0,0
71454be5276eb3d76b4d78f0e6ed5c4f3100437aed681b4ccd42c2cd0fccc580,25,0.0,0.0,0,100.0,0.0,0.0,0.0,0.0,0,0,0,0,0,0
78c9d7e07f481abe595e8af35ab2b307895c0450c3276f85115504907305691c,25,20.0,20.0,1.0,80.0,0.0,0.0,20.0,0.0,0.0,0.0,0.0,0.0,0.0,0
7ae1144fa4836e80c9b4ceaaf4d5c076471cb0a5248bb2e7b9f67fbb9afbc423,25,0.0,0.0,0,100.0,0.0,0.0,0.0,0.0,0,0,0,0,0,0
bc3c2360d9fc38b956c5c979c0e520d10896b9e0033192c12c5b54a5ba553c40,25,0.0,0.0,0,100.0,0.0,0.0,0.0,0.0,0,0,0,0,0,0
917b43598c2c9a051b3e67d3091cb8397c3d7d84cf8c48d360b28ebd9205ee61,25,20.0,40.0,1.0,60.0,20.0,0.0,20.0,0.0,50.0,0.0,0.0,0.0,0.0,0
63c0b75de1a26a5aa5c92a26865856289551e04b311d2cf3ae0d7dbbc26b1933,25,0.0,0.0,0,100.0,0.0,0.0,0.0,0.0,0,0,0,0,0,1
22a3f0ac2b844406abb20f191a36f739eccec8faf1f20504f1c7b85855719842,25,0.0,20.0,0,80.0,20.0,0.0,0.0,0.0,0.0,100.0,0.0,0.0,0.0,1
312c31c24c04740976df1dc61978bcb5d493372ad6d89b92192ad6fe85b765e9,25,80.0,100.0,1.25,0.0,20.0,0.0,80.0,0.0,42.86,0.0,0.0,0.0,0.0,0
ee1fb8c2389c9131c9690c615b0421e3ef85ef2e0d8708753cc4537f37b43b16,25,60.0,60.0,1.67,40.0,0.0,0.0,60.0,0.0,0.0,0.0,40.0,0.0,0.0,0
7e18ed6b6a4f5e6c0561ad442105ae448760a05c7a9d6a8b0ee2338bfc8a215a,25,20.0,20.0,1.0,80.0,0.0,0.0,20.0,0.0,0.0,0.0,0.0,0.0,0.0,0
11a5327006ae74d6d626ae11682159b2ddec2b35f06c1e5cb8f6af71d62b6150,25,80.0,100.0,1.25,0.0,20.0,0.0,80.0,0.0,54.55,0.0,9.09,0.0,0.0,0
6dfded1f5fe1e7d726335c953221f00f879b1d165e3343e8c5a6ab250cccc1b5,25,60.0,60.0,1.0,40.0,0.0,0.0,60.0,0.0,0.0,0.0,0.0,0.0,0.0,0
eb6e1b9daaaaa5696fa850633c5515c433d5b87d23ba747fae1b1d241bf352d7,25,0.0,20.0,0,80.0,20.0,0.0,0.0,0.0,0.0,0.0,100.0,0.0,0.0,1
2f81a633e150ba38e0f28d4150a4233c973c48ea75f4c04785c7051bb2da6476,25,0.0,0.0,0,100.0,0.0,0.0,0.0,0.0,0,0,0,0,0,0
77264daeadb16a58e6db05b32caa18a6e14a87b11eb5b5304e93df06d976ebac,25,0.0,0.0,0,100.0,0.0,0.0,0.0,0.0,0,0,0,0,0,1
7cda355a22474ae1d504842a79d0b63b8df88d3112577e84a3a7c24c4527cd6e,25,0.0,0.0,0,100.0,0.0,0.0,0.0,0.0,0,0,0,0,0,1
f0f5e7264ccf185f69867882f343b21fb76c875432032f94783a62b75c7f06d8,26,0.0,0.0,0,100.0,0.0,0.0,0.0,0.0,0,0,0,0,0,1
bea1fd598b044294e94c08fb6ba66c880547527b0fca4c98433ea5c5255b6486,26,0.0,0.0,0,100.0,0.0,0.0,0.0,0.0,0,0,0,0,0,1
0a6d27f42143da0f4255dee866b57c165ee2f5446cc6b0e8b346284e6961c0d7,26,66.67,83.33,1.25,16.67,16.67,0.0,66.67,0.0,42.86,0.0,0.0,0.0,0.0,0
8c1200ed8c1aa6119aa004f973d7151041b9635fbadf15947c0f040e96efdc13,26,33.33,50.0,3.5,50.0,16.67,0.0,33.33,0.0,72.73,9.09,0.0,0.0,0.0,0
7dbdab563e7e15aa95ac403a116a90f2e562da020bcfb2fb9272e5b60467b243,26,66.67,66.67,1.0,33.33,0.0,0.0,66.67,0.0,0.0,0.0,0.0,0.0,0.0,0
0cea6aeede252ac60167b0626adf2b05b7ae8127355c433ae34e30f4d699ef46,26,50.0,50.0,1.0,50.0,0.0,0.0,50.0,0.0,0.0,0.0,0.0,0.0,0.0,0
e6dff2507e2cded9b40679886cfb3d1efdf6c93e04429a15aa32bf7c42379014,26,50.0,50.0,1.0,50.0,0.0,0.0,50.0,0.0,0.0,0.0,0.0,0.0,0.0,1
52aca6821d84655184a01eea864739fdd027efa64e5d3dda746492a1d482592b,26,83.33,83.33,1.2,16.67,0.0,0.0,83.33,0.0,16.67,0.0,0.0,0.0,0.0,0
5d15b4c18169a969fb511d7c5e9500e4ee0d47f244f8f30bd161b382eb36ca3a,26,83.33,83.33,1.6,16.67,0.0,0.0,83.33,0.0,37.5,0.0,0.0,0.0,0.0,0
b62ab1a3cf13ed67703a0727ca2eddbadbac166ba79a660db16813f91c6ea703,26,33.33,33.33,2.0,66.67,0.0,0.0,33.33,0.0,50.0,0.0,0.0,0.0,0.0,1
871a769b73d78a5f7b08476bcfc74224cfbbc0484ac4245efbfe2629b451da70,26,66.67,66.67,2.75,33.33,0.0,0.0,66.67,0.0,63.64,0.0,0.0,0.0,0.0,0
c51d33a9e820fbb60a3550668e8d4905dab86d596809bf7feb2f572b3c90f458,26,100.0,100.0,1.33,0.0,0.0,0.0,100.0,0.0,25.0,0.0,0.0,0.0,0.0,0
65c5cceeda572ac4df5da80727121a381c55b55ecf23c2540c5c9e9bd56a6deb,26,50.0,50.0,1.67,50.0,0.0,0.0,50.0,0.0,40.0,0.0,0.0,0.0,0.0,0
c6226fb275c73f0679f124c7d0e7fc2811927d017d2398687f8ebb08706b739d,26,0.0,0.0,0,100.0,0.0,0.0,0.0,0.0,0,0,0,0,0,0
5f6d449c8d3031dca05469e64697092dd2e4dc4a19db4862541ddc0c63bad82c,26,0.0,0.0,0,100.0,0.0,0.0,0.0,0.0,0,0,0,0,0,1
1a1fcc78652119b699d463d980c28c912fe5706244aa67adf5b74c1415a40d1f,26,66.67,66.67,1.25,33.33,0.0,0.0,66.67,0.0,20.0,0.0,0.0,0.0,0.0,0
dbb58a782a8391f9362b61146ae301e107ef5d32fec11c4c80cb97a4c4f3b1fe,26,0.0,0.0,0,100.0,0.0,0.0,0.0,0.0,0,0,0,0,0,1
09d3adadd62dc358676f46854c3cb1730a8dd1524912ed32875c2897cc305d3a,26,0.0,0.0,0,100.0,0.0,0.0,0.0,0.0,0,0,0,0,0,1
4466cd3c0ca55904f2c68b9f3ebb6e4b40278381e0e1ee75229e484a0987bc5b,26,16.67,16.67,1.0,83.33,0.0,0.0,16.67,0.0,0.0,0.0,0.0,0.0,0.0,1
bc79796c312cefba38d2fd2d91c107fa8c81c872409e33dc8a442c094d6ca812,26,66.67,66.67,1.25,33.33,0.0,0.0,66.67,0.0,20.0,0.0,0.0,0.0,0.0,1
284931b88b1830cebdb23f22400b7c8023a9708d56f799bd53c1615c1737ce76,26,0.0,0.0,0,100.0,0.0,0.0,0.0,0.0,0,0,0,0,0,0
f9a8a21c9b73c3208c045992075e9922943c4cb2be3965bb586c7f37969240fa,26,0.0,0.0,0,100.0,0.0,0.0,0.0,0.0,0,0,0,0,0,1
3487b84d699f3ca6391a8ece0ae258bff2425a632472b1e1f896afa53acb25ea,26,50.0,50.0,1.0,50.0,0.0,0.0,50.0,0.0,0.0,0.0,0.0,0.0,0.0,0
ed4fe17c8d3c7c92516468c9b2ff5d644b40f1d47b4bd3c0b74098d8c7f3eef6,26,0.0,0.0,0,100.0,0.0,0.0,0.0,0.0,0,0,0,0,0,1
de956d32073e8a75693409f5d8997fad974e5fe83ba5f248d9be5ca8b0b5b771,26,0.0,0.0,0,100.0,0.0,0.0,0.0,0.0,0,0,0,0,0,1
26baa8c449c9aac1f9f0efd0e8373ac9799576cfe215c00334e6a7feda4c623d,26,83.33,83.33,1.2,16.67,0.0,0.0,83.33,0.0,16.67,0.0,0.0,0.0,0.0,0
5884cecff1c8138fb57d9eef946cccaf2416ad50ecae4a8fbfc16e2d450ae284,26,33.33,50.0,1.0,50.0,16.67,0.0,33.33,0.0,40.0,20.0,0.0,0.0,0.0,0
582d8669894c2bac0eac1aa38a899cdaff4337a8ec165f517875eacf6f877a0c,26,66.67,66.67,2.0,33.33,0.0,0.0,66.67,0.0,50.0,0.0,0.0,0.0,0.0,0
cb7e46e2372c92d66fafddf476198f7a89e40ae8a1d0d68a36a7827f3ff9ab5e,26,66.67,66.67,1.5,33.33,0.0,0.0,66.67,0.0,16.67,0.0,0.0,0.0,0.0,0
6a63f2f94d4948ffb1a3b321be09985cd651eb146bbffd86d3f2e379ddb26c2f,26,50.0,50.0,1.0,50.0,0.0,0.0,50.0,0.0,0.0,0.0,0.0,0.0,0.0,0
dc40698058c0dc42e15b7fdb861468a19f968e0ea6770b8c7543dcb5eb9ddc84,26,66.67,66.67,2.0,33.33,0.0,0.0,66.67,0.0,50.0,0.0,0.0,0.0,0.0,0
d8bfa7b98a53c17705aa5b8bdce4e3072af909a0f3b91da32ed1620bca2e1bdb,26,0.0,33.33,0,66.67,33.33,0.0,0.0,0.0,100.0,0.0,0.0,0.0,0.0,0
40ad2731065b32d555d2b940188ebc68b4110a88276c47caf46b00c2356f2340,26,50.0,50.0,1.0,50.0,0.0,0.0,50.0,0.0,0.0,0.0,0.0,0.0,0.0,0
cf21a02c0fceaedee9ede7a20134751528e6dfd7d1375867b110a1201916d21b,26,0.0,0.0,0,100.0,0.0,0.0,0.0,0.0,0,0,0,0,0,1
ee6d82a67d8cf3f6a8be6e6e20b5e6563580daf8a9eb274246a088620ffaf1f3,26,0.0,0.0,0,100.0,0.0,0.0,0.0,0.0,0,0,0,0,0,1
041ffbe1f88dc28cf4dd400b4b587a2b80317bff2e7061938baf0d6179af8b0f,26,0.0,0.0,0,100.0,0.0,0.0,0.0,0.0,0,0,0,0,0,1
c5c9fb3ca95c66e28be83a8cb3f6e9a7de68f8af219de7aa6892a8d545315df8,26,0.0,0.0,0,100.0,0.0,0.0,0.0,0.0,0,0,0,0,0,0
13691f00cb017671d5ec838415473cd86f4552abffa59961a3850ca7a204d6be,26,0.0,0.0,0,100.0,0.0,0.0,0.0,0.0,0,0,0,0,0,1
09f70902c186765c8015a6897b24930f6e7c9ae5e2ae10627a9db42356ac0fbf,26,83.33,83.33,2.0,16.67,0.0,0.0,83.33,0.0,50.0,0.0,0.0,0.0,0.0,0
cccd9b561f6be3143b8ff0eee5c1c96a478e25f030f89dd5933607d0e3269089,26,33.33,50.0,2.5,50.0,16.67,0.0,33.33,0.0,66.67,0.0,0.0,0.0,0.0,0
a88c26dd29e87deffb39720eeadc27c503fb8cc231520b46665ff836a4a98898,26,0.0,0.0,0,100.0,0.0,0.0,0.0,0.0,0,0,0,0,0,1
a295359500eb864856b625eff9b4053abd710657601d5a424000e03fb3b70049,26,0.0,0.0,0,100.0,0.0,0.0,0.0,0.0,0,0,0,0,0,1
9a2f523ca607dde97560a019b5ee630714da3d71a273eeb85c559f4be214bf09,26,50.0,50.0,1.67,50.0,0.0,0.0,50.0,0.0,40.0,0.0,0.0,0.0,0.0,1
19b43d008633aae7c80e1dbda493ae14212b5fa548567f3ac7ee055d60d91a6f,26,33.33,66.67,1.0,33.33,33.33,0.0,33.33,0.0,50.0,0.0,0.0,0.0,0.0,0
71454be5276eb3d76b4d78f0e6ed5c4f3100437aed681b4ccd42c2cd0fccc580,26,33.33,33.33,1.0,66.67,0.0,0.0,33.33,0.0,0.0,0.0,0.0,0.0,0.0,0
78c9d7e07f481abe595e8af35ab2b307895c0450c3276f85115504907305691c,26,50.0,50.0,1.67,50.0,0.0,0.0,50.0,0.0,40.0,0.0,0.0,0.0,0.0,0
7ae1144fa4836e80c9b4ceaaf4d5c076471cb0a5248bb2e7b9f67fbb9afbc423,26,33.33,33.33,1.0,66.67,0.0,0.0,33.33,0.0,0.0,0.0,0.0,0.0,0.0,0
bc3c2360d9fc38b956c5c979c0e520d10896b9e0033192c12c5b54a5ba553c40,26,0.0,0.0,0,100.0,0.0,0.0,0.0,0.0,0,0,0,0,0,0
917b43598c2c9a051b3e67d3091cb8397c3d7d84cf8c48d360b28ebd9205ee61,26,0.0,0.0,0,100.0,0.0,0.0,0.0,0.0,0,0,0,0,0,0
63c0b75de1a26a5aa5c92a26865856289551e04b311d2cf3ae0d7dbbc26b1933,26,0.0,0.0,0,100.0,0.0,0.0,0.0,0.0,0,0,0,0,0,1
22a3f0ac2b844406abb20f191a36f739eccec8faf1f20504f1c7b85855719842,26,16.67,16.67,2.0,83.33,0.0,0.0,16.67,0.0,50.0,0.0,0.0,0.0,0.0,1
312c31c24c04740976df1dc61978bcb5d493372ad6d89b92192ad6fe85b765e9,26,66.67,66.67,1.0,33.33,0.0,0.0,66.67,0.0,0.0,0.0,0.0,0.0,0.0,0
ee1fb8c2389c9131c9690c615b0421e3ef85ef2e0d8708753cc4537f37b43b16,26,66.67,66.67,1.0,33.33,0.0,0.0,66.67,0.0,0.0,0.0,0.0,0.0,0.0,0
7e18ed6b6a4f5e6c0561ad442105ae448760a05c7a9d6a8b0ee2338bfc8a215a,26,50.0,66.67,1.0,33.33,16.67,0.0,50.0,0.0,40.0,0.0,0.0,0.0,0.0,0
11a5327006ae74d6d626ae11682159b2ddec2b35f06c1e5cb8f6af71d62b6150,26,0.0,0.0,0,100.0,0.0,0.0,0.0,0.0,0,0,0,0,0,0
6dfded1f5fe1e7d726335c953221f00f879b1d165e3343e8c5a6ab250cccc1b5,26,66.67,66.67,1.0,33.33,0.0,0.0,66.67,0.0,0.0,0.0,0.0,0.0,0.0,0
eb6e1b9daaaaa5696fa850633c5515c433d5b87d23ba747fae1b1d241bf352d7,26,50.0,50.0,1.0,50.0,0.0,0.0,50.0,0.0,0.0,0.0,0.0,0.0,0.0,1
2f81a633e150ba38e0f28d4150a4233c973c48ea75f4c04785c7051bb2da6476,26,0.0,0.0,0,100.0,0.0,0.0,0.0,0.0,0,0,0,0,0,0
77264daeadb16a58e6db05b32caa18a6e14a87b11eb5b5304e93df06d976ebac,26,66.67,66.67,1.0,33.33,0.0,0.0,66.67,0.0,0.0,0.0,0.0,0.0,0.0,1
7cda355a22474ae1d504842a79d0b63b8df88d3112577e84a3a7c24c4527cd6e,26,0.0,0.0,0,100.0,0.0,0.0,0.0,0.0,0,0,0,0,0,1
f0f5e7264ccf185f69867882f343b21fb76c875432032f94783a62b75c7f06d8,27,0.0,0.0,0,100.0,0.0,0.0,0.0,0.0,0,0,0,0,0,1
bea1fd598b044294e94c08fb6ba66c880547527b0fca4c98433ea5c5255b6486,27,0.0,0.0,0,100.0,0.0,0.0,0.0,0.0,0,0,0,0,0,1
0a6d27f42143da0f4255dee866b57c165ee2f5446cc6b0e8b346284e6961c0d7,27,60.0,80.0,1.67,20.0,20.0,0.0,60.0,0.0,50.0,0.0,0.0,0.0,0.0,0
8c1200ed8c1aa6119aa004f973d7151041b9635fbadf15947c0f040e96efdc13,27,20.0,40.0,3.0,60.0,20.0,0.0,20.0,0.0,80.0,0.0,0.0,0.0,0.0,0
7dbdab563e7e15aa95ac403a116a90f2e562da020bcfb2fb9272e5b60467b243,27,40.0,40.0,1.0,60.0,0.0,0.0,40.0,0.0,0.0,0.0,0.0,0.0,0.0,0
0cea6aeede252ac60167b0626adf2b05b7ae8127355c433ae34e30f4d699ef46,27,40.0,40.0,1.0,60.0,0.0,0.0,40.0,0.0,0.0,0.0,0.0,0.0,0.0,0
e6dff2507e2cded9b40679886cfb3d1efdf6c93e04429a15aa32bf7c42379014,27,20.0,20.0,1.0,80.0,0.0,0.0,20.0,0.0,0.0,0.0,0.0,0.0,0.0,1
52aca6821d84655184a01eea864739fdd027efa64e5d3dda746492a1d482592b,27,80.0,80.0,1.0,20.0,0.0,0.0,80.0,0.0,0.0,0.0,0.0,0.0,0.0,0
5d15b4c18169a969fb511d7c5e9500e4ee0d47f244f8f30bd161b382eb36ca3a,27,0.0,0.0,0,100.0,0.0,0.0,0.0,0.0,0,0,0,0,0,0
b62ab1a3cf13ed67703a0727ca2eddbadbac166ba79a660db16813f91c6ea703,27,0.0,20.0,0,80.0,20.0,0.0,0.0,0.0,50.0,50.0,0.0,0.0,0.0,1
871a769b73d78a5f7b08476bcfc74224cfbbc0484ac4245efbfe2629b451da70,27,100.0,100.0,1.2,0.0,0.0,0.0,100.0,0.0,16.67,0.0,0.0,0.0,0.0,0
c51d33a9e820fbb60a3550668e8d4905dab86d596809bf7feb2f572b3c90f458,27,100.0,100.0,1.0,0.0,0.0,0.0,100.0,0.0,0.0,0.0,0.0,0.0,0.0,0
65c5cceeda572ac4df5da80727121a381c55b55ecf23c2540c5c9e9bd56a6deb,27,40.0,60.0,1.0,40.0,20.0,0.0,40.0,0.0,50.0,0.0,0.0,0.0,0.0,0
c6226fb275c73f0679f124c7d0e7fc2811927d017d2398687f8ebb08706b739d,27,0.0,0.0,0,100.0,0.0,0.0,0.0,0.0,0,0,0,0,0,0
5f6d449c8d3031dca05469e64697092dd2e4dc4a19db4862541ddc0c63bad82c,27,0.0,0.0,0,100.0,0.0,0.0,0.0,0.0,0,0,0,0,0,1
1a1fcc78652119b699d463d980c28c912fe5706244aa67adf5b74c1415a40d1f,27,40.0,40.0,1.0,60.0,0.0,0.0,40.0,0.0,0.0,0.0,0.0,0.0,0.0,0
dbb58a782a8391f9362b61146ae301e107ef5d32fec11c4c80cb97a4c4f3b1fe,27,0.0,0.0,0,100.0,0.0,0.0,0.0,0.0,0,0,0,0,0,1
09d3adadd62dc358676f46854c3cb1730a8dd1524912ed32875c2897cc305d3a,27,0.0,0.0,0,100.0,0.0,0.0,0.0,0.0,0,0,0,0,0,1
4466cd3c0ca55904f2c68b9f3ebb6e4b40278381e0e1ee75229e484a0987bc5b,27,0.0,0.0,0,100.0,0.0,0.0,0.0,0.0,0,0,0,0,0,1
bc79796c312cefba38d2fd2d91c107fa8c81c872409e33dc8a442c094d6ca812,27,0.0,0.0,0,100.0,0.0,0.0,0.0,0.0,0,0,0,0,0,1
284931b88b1830cebdb23f22400b7c8023a9708d56f799bd53c1615c1737ce76,27,60.0,60.0,1.0,40.0,0.0,0.0,60.0,0.0,0.0,0.0,0.0,0.0,0.0,0
f9a8a21c9b73c3208c045992075e9922943c4cb2be3965bb586c7f37969240fa,27,0.0,0.0,0,100.0,0.0,0.0,0.0,0.0,0,0,0,0,0,1
3487b84d699f3ca6391a8ece0ae258bff2425a632472b1e1f896afa53acb25ea,27,0.0,0.0,0,100.0,0.0,0.0,0.0,0.0,0,0,0,0,0,0
ed4fe17c8d3c7c92516468c9b2ff5d644b40f1d47b4bd3c0b74098d8c7f3eef6,27,0.0,0.0,0,100.0,0.0,0.0,0.0,0.0,0,0,0,0,0,1
de956d32073e8a75693409f5d8997fad974e5fe83ba5f248d9be5ca8b0b5b771,27,0.0,0.0,0,100.0,0.0,0.0,0.0,0.0,0,0,0,0,0,1
26baa8c449c9aac1f9f0efd0e8373ac9799576cfe215c00334e6a7feda4c623d,27,40.0,60.0,1.5,40.0,20.0,0.0,40.0,0.0,0.0,25.0,0.0,0.0,0.0,0
5884cecff1c8138fb57d9eef946cccaf2416ad50ecae4a8fbfc16e2d450ae284,27,0.0,0.0,0,100.0,0.0,0.0,0.0,0.0,0,0,0,0,0,0
582d8669894c2bac0eac1aa38a899cdaff4337a8ec165f517875eacf6f877a0c,27,20.0,20.0,1.0,80.0,0.0,0.0,20.0,0.0,0.0,0.0,0.0,0.0,0.0,0
cb7e46e2372c92d66fafddf476198f7a89e40ae8a1d0d68a36a7827f3ff9ab5e,27,40.0,40.0,2.0,60.0,0.0,0.0,40.0,0.0,50.0,0.0,0.0,0.0,0.0,0
6a63f2f94d4948ffb1a3b321be09985cd651eb146bbffd86d3f2e379ddb26c2f,27,60.0,60.0,1.0,40.0,0.0,0.0,60.0,0.0,0.0,0.0,0.0,0.0,0.0,0
dc40698058c0dc42e15b7fdb861468a19f968e0ea6770b8c7543dcb5eb9ddc84,27,20.0,20.0,1.0,80.0,0.0,0.0,20.0,0.0,0.0,0.0,0.0,0.0,0.0,0
d8bfa7b98a53c17705aa5b8bdce4e3072af909a0f3b91da32ed1620bca2e1bdb,27,20.0,20.0,1.0,80.0,0.0,0.0,20.0,0.0,0.0,0.0,0.0,0.0,0.0,0
40ad2731065b32d555d2b940188ebc68b4110a88276c47caf46b00c2356f2340,27,40.0,40.0,3.0,60.0,0.0,0.0,40.0,0.0,66.67,0.0,0.0,0.0,0.0,0
cf21a02c0fceaedee9ede7a20134751528e6dfd7d1375867b110a1201916d21b,27,0.0,0.0,0,100.0,0.0,0.0,0.0,0.0,0,0,0,0,0,1
ee6d82a67d8cf3f6a8be6e6e20b5e6563580daf8a9eb274246a088620ffaf1f3,27,0.0,0.0,0,100.0,0.0,0.0,0.0,0.0,0,0,0,0,0,1
041ffbe1f88dc28cf4dd400b4b587a2b80317bff2e7061938baf0d6179af8b0f,27,0.0,0.0,0,100.0,0.0,0.0,0.0,0.0,0,0,0,0,0,1
c5c9fb3ca95c66e28be83a8cb3f6e9a7de68f8af219de7aa6892a8d545315df8,27,0.0,0.0,0,100.0,0.0,0.0,0.0,0.0,0,0,0,0,0,0
13691f00cb017671d5ec838415473cd86f4552abffa59961a3850ca7a204d6be,27,0.0,0.0,0,100.0,0.0,0.0,0.0,0.0,0,0,0,0,0,1
09f70902c186765c8015a6897b24930f6e7c9ae5e2ae10627a9db42356ac0fbf,27,60.0,80.0,1.0,20.0,20.0,0.0,60.0,0.0,57.14,0.0,0.0,0.0,0.0,0
cccd9b561f6be3143b8ff0eee5c1c96a478e25f030f89dd5933607d0e3269089,27,40.0,40.0,3.0,60.0,0.0,0.0,40.0,0.0,66.67,0.0,0.0,0.0,0.0,0
a88c26dd29e87deffb39720eeadc27c503fb8cc231520b46665ff836a4a98898,27,0.0,0.0,0,100.0,0.0,0.0,0.0,0.0,0,0,0,0,0,1
a295359500eb864856b625eff9b4053abd710657601d5a424000e03fb3b70049,27,40.0,40.0,1.0,60.0,0.0,0.0,40.0,0.0,0.0,0.0,0.0,0.0,0.0,1
9a2f523ca607dde97560a019b5ee630714da3d71a273eeb85c559f4be214bf09,27,20.0,20.0,1.0,80.0,0.0,0.0,20.0,0.0,0.0,0.0,0.0,0.0,0.0,1
19b43d008633aae7c80e1dbda493ae14212b5fa548567f3ac7ee055d60d91a6f,27,20.0,20.0,4.0,80.0,0.0,0.0,20.0,0.0,75.0,0.0,0.0,0.0,0.0,0
71454be5276eb3d76b4d78f0e6ed5c4f3100437aed681b4ccd42c2cd0fccc580,27,20.0,20.0,1.0,80.0,0.0,0.0,20.0,0.0,0.0,0.0,0.0,0.0,0.0,0
78c9d7e07f481abe595e8af35ab2b307895c0450c3276f85115504907305691c,27,0.0,0.0,0,100.0,0.0,0.0,0.0,0.0,0,0,0,0,0,0
7ae1144fa4836e80c9b4ceaaf4d5c076471cb0a5248bb2e7b9f67fbb9afbc423,27,0.0,0.0,0,100.0,0.0,0.0,0.0,0.0,0,0,0,0,0,0
bc3c2360d9fc38b956c5c979c0e520d10896b9e0033192c12c5b54a5ba553c40,27,0.0,0.0,0,100.0,0.0,0.0,0.0,0.0,0,0,0,0,0,0
917b43598c2c9a051b3e67d3091cb8397c3d7d84cf8c48d360b28ebd9205ee61,27,0.0,0.0,0,100.0,0.0,0.0,0.0,0.0,0,0,0,0,0,0
63c0b75de1a26a5aa5c92a26865856289551e04b311d2cf3ae0d7dbbc26b1933,27,0.0,0.0,0,100.0,0.0,0.0,0.0,0.0,0,0,0,0,0,1
22a3f0ac2b844406abb20f191a36f739eccec8faf1f20504f1c7b85855719842,27,0.0,0.0,0,100.0,0.0,0.0,0.0,0.0,0,0,0,0,0,1
312c31c24c04740976df1dc61978bcb5d493372ad6d89b92192ad6fe85b765e9,27,40.0,40.0,1.0,60.0,0.0,0.0,40.0,0.0,0.0,0.0,0.0,0.0,0.0,0
ee1fb8c2389c9131c9690c615b0421e3ef85ef2e0d8708753cc4537f37b43b16,27,40.0,40.0,2.5,60.0,0.0,0.0,40.0,0.0,40.0,0.0,0.0,0.0,0.0,0
7e18ed6b6a4f5e6c0561ad442105ae448760a05c7a9d6a8b0ee2338bfc8a215a,27,20.0,20.0,2.0,80.0,0.0,0.0,20.0,0.0,50.0,0.0,0.0,0.0,0.0,0
11a5327006ae74d6d626ae11682159b2ddec2b35f06c1e5cb8f6af71d62b6150,27,60.0,80.0,1.0,20.0,20.0,0.0,60.0,0.0,33.33,0.0,0.0,16.67,0.0,0
6dfded1f5fe1e7d726335c953221f00f879b1d165e3343e8c5a6ab250cccc1b5,27,20.0,40.0,3.0,60.0,20.0,0.0,20.0,0.0,25.0,0.0,50.0,0.0,0.0,0
eb6e1b9daaaaa5696fa850633c5515c433d5b87d23ba747fae1b1d241bf352d7,27,20.0,20.0,2.0,80.0,0.0,0.0,20.0,0.0,50.0,0.0,0.0,0.0,0.0,1
2f81a633e150ba38e0f28d4150a4233c973c48ea75f4c04785c7051bb2da6476,27,20.0,20.0,1.0,80.0,0.0,0.0,20.0,0.0,0.0,0.0,0.0,0.0,0.0,0
77264daeadb16a58e6db05b32caa18a6e14a87b11eb5b5304e93df06d976ebac,27,0.0,0.0,0,100.0,0.0,0.0,0.0,0.0,0,0,0,0,0,1
7cda355a22474ae1d504842a79d0b63b8df88d3112577e84a3a7c24c4527cd6e,27,0.0,0.0,0,100.0,0.0,0.0,0.0,0.0,0,0,0,0,0,1
f0f5e7264ccf185f69867882f343b21fb76c875432032f94783a62b75c7f06d8,28,0.0,0.0,0,100.0,0.0,0.0,0.0,0.0,0,0,0,0,0,1
bea1fd598b044294e94c08fb6ba66c880547527b0fca4c98433ea5c5255b6486,28,0.0,0.0,0,100.0,0.0,0.0,0.0,0.0,0,0,0,0,0,1
0a6d27f42143da0f4255dee866b57c165ee2f5446cc6b0e8b346284e6961c0d7,28,75.0,100.0,4.67,0.0,25.0,0.0,75.0,0.0,66.67,0.0,0.0,5.56,0.0,0
8c1200ed8c1aa6119aa004f973d7151041b9635fbadf15947c0f040e96efdc13,28,25.0,50.0,2.0,50.0,25.0,0.0,25.0,0.0,75.0,0.0,0.0,0.0,0.0,0
7dbdab563e7e15aa95ac403a116a90f2e562da020bcfb2fb9272e5b60467b243,28,25.0,50.0,3.0,50.0,25.0,0.0,25.0,0.0,75.0,0.0,0.0,0.0,0.0,0
0cea6aeede252ac60167b0626adf2b05b7ae8127355c433ae34e30f4d699ef46,28,50.0,50.0,1.0,50.0,0.0,0.0,50.0,0.0,0.0,0.0,0.0,0.0,0.0,0
e6dff2507e2cded9b40679886cfb3d1efdf6c93e04429a15aa32bf7c42379014,28,0.0,25.0,0,75.0,25.0,0.0,0.0,0.0,0.0,100.0,0.0,0.0,0.0,1
52aca6821d84655184a01eea864739fdd027efa64e5d3dda746492a1d482592b,28,75.0,75.0,1.33,25.0,0.0,0.0,75.0,0.0,25.0,0.0,0.0,0.0,0.0,0
5d15b4c18169a969fb511d7c5e9500e4ee0d47f244f8f30bd161b382eb36ca3a,28,100.0,100.0,1.5,0.0,0.0,0.0,100.0,0.0,33.33,0.0,0.0,0.0,0.0,0
b62ab1a3cf13ed67703a0727ca2eddbadbac166ba79a660db16813f91c6ea703,28,0.0,0.0,0,100.0,0.0,0.0,0.0,0.0,0,0,0,0,0,1
871a769b73d78a5f7b08476bcfc74224cfbbc0484ac4245efbfe2629b451da70,28,100.0,100.0,1.0,0.0,0.0,0.0,100.0,0.0,0.0,0.0,0.0,0.0,0.0,0
c51d33a9e820fbb60a3550668e8d4905dab86d596809bf7feb2f572b3c90f458,28,100.0,100.0,1.75,0.0,0.0,0.0,100.0,0.0,42.86,0.0,0.0,0.0,0.0,0
65c5cceeda572ac4df5da80727121a381c55b55ecf23c2540c5c9e9bd56a6deb,28,50.0,75.0,2.5,25.0,0.0,25.0,50.0,0.0,84.62,0.0,0.0,0.0,0.0,0
c6226fb275c73f0679f124c7d0e7fc2811927d017d2398687f8ebb08706b739d,28,0.0,0.0,0,100.0,0.0,0.0,0.0,0.0,0,0,0,0,0,0
5f6d449c8d3031dca05469e64697092dd2e4dc4a19db4862541ddc0c63bad82c,28,0.0,0.0,0,100.0,0.0,0.0,0.0,0.0,0,0,0,0,0,1
1a1fcc78652119b699d463d980c28c912fe5706244aa67adf5b74c1415a40d1f,28,50.0,75.0,1.0,25.0,25.0,0.0,50.0,0.0,20.0,40.0,0.0,0.0,0.0,0
dbb58a782a8391f9362b61146ae301e107ef5d32fec11c4c80cb97a4c4f3b1fe,28,0.0,0.0,0,100.0,0.0,0.0,0.0,0.0,0,0,0,0,0,1
09d3adadd62dc358676f46854c3cb1730a8dd1524912ed32875c2897cc305d3a,28,0.0,0.0,0,100.0,0.0,0.0,0.0,0.0,0,0,0,0,0,1
4466cd3c0ca55904f2c68b9f3ebb6e4b40278381e0e1ee75229e484a0987bc5b,28,25.0,25.0,2.0,75.0,0.0,0.0,25.0,0.0,50.0,0.0,0.0,0.0,0.0,1
bc79796c312cefba38d2fd2d91c107fa8c81c872409e33dc8a442c094d6ca812,28,25.0,100.0,4.0,0.0,75.0,0.0,25.0,0.0,75.0,12.5,0.0,0.0,0.0,1
284931b88b1830cebdb23f22400b7c8023a9708d56f799bd53c1615c1737ce76,28,75.0,100.0,1.0,0.0,25.0,0.0,75.0,0.0,57.14,0.0,0.0,0.0,0.0,0
f9a8a21c9b73c3208c045992075e9922943c4cb2be3965bb586c7f37969240fa,28,0.0,0.0,0,100.0,0.0,0.0,0.0,0.0,0,0,0,0,0,1
3487b84d699f3ca6391a8ece0ae258bff2425a632472b1e1f896afa53acb25ea,28,25.0,25.0,1.0,75.0,0.0,0.0,25.0,0.0,0.0,0.0,0.0,0.0,0.0,0
ed4fe17c8d3c7c92516468c9b2ff5d644b40f1d47b4bd3c0b74098d8c7f3eef6,28,0.0,0.0,0,100.0,0.0,0.0,0.0,0.0,0,0,0,0,0,1
de956d32073e8a75693409f5d8997fad974e5fe83ba5f248d9be5ca8b0b5b771,28,0.0,0.0,0,100.0,0.0,0.0,0.0,0.0,0,0,0,0,0,1
26baa8c449c9aac1f9f0efd0e8373ac9799576cfe215c00334e6a7feda4c623d,28,50.0,50.0,1.0,50.0,0.0,0.0,50.0,0.0,0.0,0.0,0.0,0.0,0.0,0
5884cecff1c8138fb57d9eef946cccaf2416ad50ecae4a8fbfc16e2d450ae284,28,25.0,25.0,5.0,75.0,0.0,0.0,25.0,0.0,40.0,40.0,0.0,0.0,0.0,0
582d8669894c2bac0eac1aa38a899cdaff4337a8ec165f517875eacf6f877a0c,28,0.0,25.0,0,75.0,25.0,0.0,0.0,0.0,100.0,0.0,0.0,0.0,0.0,0
cb7e46e2372c92d66fafddf476198f7a89e40ae8a1d0d68a36a7827f3ff9ab5e,28,75.0,100.0,2.67,0.0,25.0,0.0,75.0,0.0,55.56,11.11,0.0,0.0,0.0,0
6a63f2f94d4948ffb1a3b321be09985cd651eb146bbffd86d3f2e379ddb26c2f,28,75.0,100.0,1.33,0.0,25.0,0.0,75.0,0.0,57.14,0.0,0.0,0.0,0.0,0
dc40698058c0dc42e15b7fdb861468a19f968e0ea6770b8c7543dcb5eb9ddc84,28,25.0,25.0,8.0,75.0,0.0,0.0,0.0,25.0,87.5,0.0,0.0,0.0,0.0,0
d8bfa7b98a53c17705aa5b8bdce4e3072af909a0f3b91da32ed1620bca2e1bdb,28,25.0,50.0,1.0,50.0,25.0,0.0,25.0,0.0,50.0,0.0,0.0,0.0,0.0,0
40ad2731065b32d555d2b940188ebc68b4110a88276c47caf46b00c2356f2340,28,50.0,50.0,3.5,50.0,0.0,0.0,50.0,0.0,71.43,0.0,0.0,0.0,0.0,0
cf21a02c0fceaedee9ede7a20134751528e6dfd7d1375867b110a1201916d21b,28,0.0,0.0,0,100.0,0.0,0.0,0.0,0.0,0,0,0,0,0,1
ee6d82a67d8cf3f6a8be6e6e20b5e6563580daf8a9eb274246a088620ffaf1f3,28,0.0,0.0,0,100.0,0.0,0.0,0.0,0.0,0,0,0,0,0,1
041ffbe1f88dc28cf4dd400b4b587a2b80317bff2e7061938baf0d6179af8b0f,28,0.0,0.0,0,100.0,0.0,0.0,0.0,0.0,0,0,0,0,0,1
c5c9fb3ca95c66e28be83a8cb3f6e9a7de68f8af219de7aa6892a8d545315df8,28,25.0,25.0,2.0,75.0,0.0,0.0,25.0,0.0,50.0,0.0,0.0,0.0,0.0,0
13691f00cb017671d5ec838415473cd86f4552abffa59961a3850ca7a204d6be,28,0.0,0.0,0,100.0,0.0,0.0,0.0,0.0,0,0,0,0,0,1
09f70902c186765c8015a6897b24930f6e7c9ae5e2ae10627a9db42356ac0fbf,28,50.0,75.0,1.0,25.0,25.0,0.0,50.0,0.0,50.0,0.0,0.0,0.0,0.0,0
cccd9b561f6be3143b8ff0eee5c1c96a478e25f030f89dd5933607d0e3269089,28,50.0,75.0,2.5,25.0,25.0,0.0,50.0,0.0,66.67,0.0,0.0,0.0,0.0,0
a88c26dd29e87deffb39720eeadc27c503fb8cc231520b46665ff836a4a98898,28,0.0,0.0,0,100.0,0.0,0.0,0.0,0.0,0,0,0,0,0,1
a295359500eb864856b625eff9b4053abd710657601d5a424000e03fb3b70049,28,0.0,0.0,0,100.0,0.0,0.0,0.0,0.0,0,0,0,0,0,1
9a2f523ca607dde97560a019b5ee630714da3d71a273eeb85c559f4be214bf09,28,25.0,25.0,3.0,75.0,0.0,0.0,25.0,0.0,66.67,0.0,0.0,0.0,0.0,1
19b43d008633aae7c80e1dbda493ae14212b5fa548567f3ac7ee055d60d91a6f,28,50.0,50.0,2.5,50.0,0.0,0.0,50.0,0.0,40.0,0.0,0.0,20.0,0.0,0
71454be5276eb3d76b4d78f0e6ed5c4f3100437aed681b4ccd42c2cd0fccc580,28,50.0,50.0,1.5,50.0,0.0,0.0,50.0,0.0,33.33,0.0,0.0,0.0,0.0,0
78c9d7e07f481abe595e8af35ab2b307895c0450c3276f85115504907305691c,28,50.0,50.0,2.5,50.0,0.0,0.0,50.0,0.0,40.0,0.0,20.0,0.0,0.0,0
7ae1144fa4836e80c9b4ceaaf4d5c076471cb0a5248bb2e7b9f67fbb9afbc423,28,25.0,50.0,1.0,50.0,25.0,0.0,25.0,0.0,75.0,0.0,0.0,0.0,0.0,0
bc3c2360d9fc38b956c5c979c0e520d10896b9e0033192c12c5b54a5ba553c40,28,75.0,100.0,1.0,0.0,25.0,0.0,75.0,0.0,33.33,0.0,0.0,16.67,0.0,0
917b43598c2c9a051b3e67d3091cb8397c3d7d84cf8c48d360b28ebd9205ee61,28,50.0,50.0,2.0,50.0,0.0,0.0,50.0,0.0,50.0,0.0,0.0,0.0,0.0,0
63c0b75de1a26a5aa5c92a26865856289551e04b311d2cf3ae0d7dbbc26b1933,28,0.0,25.0,0,75.0,25.0,0.0,0.0,0.0,50.0,50.0,0.0,0.0,0.0,1
22a3f0ac2b844406abb20f191a36f739eccec8faf1f20504f1c7b85855719842,28,0.0,0.0,0,100.0,0.0,0.0,0.0,0.0,0,0,0,0,0,1
312c31c24c04740976df1dc61978bcb5d493372ad6d89b92192ad6fe85b765e9,28,25.0,25.0,6.0,75.0,0.0,0.0,25.0,0.0,83.33,0.0,0.0,0.0,0.0,0
ee1fb8c2389c9131c9690c615b0421e3ef85ef2e0d8708753cc4537f37b43b16,28,0.0,0.0,0,100.0,0.0,0.0,0.0,0.0,0,0,0,0,0,0
7e18ed6b6a4f5e6c0561ad442105ae448760a05c7a9d6a8b0ee2338bfc8a215a,28,25.0,50.0,1.0,50.0,25.0,0.0,25.0,0.0,50.0,0.0,0.0,0.0,0.0,0
11a5327006ae74d6d626ae11682159b2ddec2b35f06c1e5cb8f6af71d62b6150,28,100.0,100.0,1.5,0.0,0.0,0.0,100.0,0.0,33.33,0.0,0.0,0.0,0.0,0
6dfded1f5fe1e7d726335c953221f00f879b1d165e3343e8c5a6ab250cccc1b5,28,0.0,25.0,0,75.0,25.0,0.0,0.0,0.0,100.0,0.0,0.0,0.0,0.0,0
eb6e1b9daaaaa5696fa850633c5515c433d5b87d23ba747fae1b1d241bf352d7,28,0.0,0.0,0,100.0,0.0,0.0,0.0,0.0,0,0,0,0,0,1
2f81a633e150ba38e0f28d4150a4233c973c48ea75f4c04785c7051bb2da6476,28,50.0,50.0,2.5,50.0,0.0,0.0,50.0,0.0,60.0,0.0,0.0,0.0,0.0,0
77264daeadb16a58e6db05b32caa18a6e14a87b11eb5b5304e93df06d976ebac,28,25.0,25.0,1.0,75.0,0.0,0.0,25.0,0.0,0.0,0.0,0.0,0.0,0.0,1
7cda355a22474ae1d504842a79d0b63b8df88d3112577e84a3a7c24c4527cd6e,28,25.0,25.0,3.0,75.0,0.0,0.0,25.0,0.0,66.67,0.0,0.0,0.0,0.0,1
