matricula_hash,contest,Porcentagem media de problemas aceitos por contest,Porcentagem media de problemas que tiveram alguma tentativa por contest,Media do numero de submissoes em problemas aceitos,Porcentagem media de problemas sem submissoes por contest,Porcentagem media de problemas que tiveram poucas tentativas e nao foram aceitos por contest,Porcentagem media de problemas que tiveram muitas tentativas e nao foram aceitos por contest,Porcentagem media de problemas que tiveram poucas tentativas e foram aceitos por contest,Porcentagem media de problemas que tiveram muitas tentativas e foram aceitos por contest,Porcentagem media de submissoes como 'Wrong Answer' por contest,Porcentagem media de submissoes como 'Compilation Error' por contest,Porcentagem media de submissoes como 'Presentation Error' por contest,Porcentagem media de submissoes como 'Runtime Error' por contest,Porcentagem media de submissoes como 'Time Limit Exceeded' por contest,Reprovado
4b4c712272fdfd4bb1669e3304a566a3a155c569072a285d37c2226f6200e373,1,100.0,100.0,1.2,0.0,0.0,0.0,100.0,0.0,0.0,0.0,16.67,0.0,0.0,0
c5fc337975b5f2e8ed9bbc54f3044d910dd9dc99c7e60b407c21649f75cca4db,1,100.0,100.0,2.4,0.0,0.0,0.0,100.0,0.0,33.33,8.33,16.67,0.0,0.0,0
6dd6376c0367a27ea2d5a6f8e2d0d16c883c22cd98da638c797d1ad4bcce4511,1,100.0,100.0,1.0,0.0,0.0,0.0,100.0,0.0,0.0,0.0,0.0,0.0,0.0,0
f621c0eeb35734e30f155a372de1b2dc4ab79cdf8f11598dac4e28995c31e343,1,100.0,100.0,1.2,0.0,0.0,0.0,100.0,0.0,0.0,0.0,16.67,0.0,0.0,0
58f8b6cd44b64da67ee28cd6b969117b00ec4959245040b43628ccf2ddf0bfe7,1,100.0,100.0,1.2,0.0,0.0,0.0,100.0,0.0,16.67,0.0,0.0,0.0,0.0,0
d35b896314b571340fc5c6ffacd4472bb48feb9f3d902b0334fbf1b35ae202bc,1,60.0,80.0,1.67,20.0,20.0,0.0,60.0,0.0,50.0,0.0,0.0,0.0,0.0,1
2d64763640fa149bf269b6b244fec1a4bc3e47a35f7ce92ece8c4e8bbb6a86aa,1,100.0,100.0,2.6,0.0,0.0,0.0,100.0,0.0,46.15,15.38,0.0,0.0,0.0,1
80ddee563d888929ef844b3d0fa3f0da1bd1d749bdde5602412ad05342f28924,1,80.0,100.0,1.0,0.0,20.0,0.0,80.0,0.0,42.86,0.0,0.0,0.0,0.0,1
0eb59c8f3d8d0ac24d0825e89f912ce51c8302b587b4374449637cdbcfee8bec,1,100.0,100.0,1.2,0.0,0.0,0.0,100.0,0.0,0.0,0.0,0.0,16.67,0.0,0
179505be83c5d43e613612d30dee5aef4a1baedcec2c1d65f019fd407b4544ed,1,0.0,60.0,0,40.0,60.0,0.0,0.0,0.0,40.0,0.0,60.0,0.0,0.0,0
91c7c1e0e3f558f0d3044317f72a844e5bc1d040bfe7786a43aae231fa565f10,1,100.0,100.0,1.6,0.0,0.0,0.0,100.0,0.0,37.5,0.0,0.0,0.0,0.0,0
e71041734a5b5c7e2fcc6de1a3e0101ababf7612f9a39fb2140fbf92df45ffad,1,80.0,80.0,1.25,20.0,0.0,0.0,80.0,0.0,20.0,0.0,0.0,0.0,0.0,0
aadff4c585348216867279fbcb858488ee0e68e5c6588ea2d19254e76412e494,1,100.0,100.0,1.6,0.0,0.0,0.0,100.0,0.0,37.5,0.0,0.0,0.0,0.0,0
e4418ee2f2727b04fdd7b3c3c81a2b5081b34d53f4ed9a05968305d6ef2e3989,1,100.0,100.0,1.2,0.0,0.0,0.0,100.0,0.0,16.67,0.0,0.0,0.0,0.0,1
17e890e8fa3aef49eaf7e14754b79d404934602ea58a17e55922965805676574,1,0.0,0.0,0,100.0,0.0,0.0,0.0,0.0,0.0,0.0,0.0,0.0,0.0,1
b113894a35e62e28fcd7bea73923b6221382f271a2f1b4b72b91fb706adce9de,1,0.0,0.0,0,100.0,0.0,0.0,0.0,0.0,0.0,0.0,0.0,0.0,0.0,0
16ded72dcbd9c76308c9827fe7ae562344cb75e406a4324b0974705949f778bf,1,100.0,100.0,2.6,0.0,0.0,0.0,80.0,20.0,61.54,0.0,0.0,0.0,0.0,0
0bd6c25873ac6ed984c89f17e3c53c4a975abf5ded12ccc51b38bb4f986e15e4,1,0.0,20.0,0,80.0,20.0,0.0,0.0,0.0,100.0,0.0,0.0,0.0,0.0,1
58b5141d17764ff9b3ef9beebe63949594ee7be06378ed510d3dda37b8843592,1,80.0,100.0,1.0,0.0,20.0,0.0,80.0,0.0,42.86,0.0,0.0,0.0,0.0,1
9af6c218c29b9ed37384972a5e23be12d9689674555b3792f9942f2d0a0011f2,1,100.0,100.0,2.4,0.0,0.0,0.0,100.0,0.0,25.0,0.0,16.67,8.33,0.0,0
7a86b77a40cf77a1529d532b0da25d60b050b49d8dbde511c746879079ce619b,1,100.0,100.0,1.4,0.0,0.0,0.0,100.0,0.0,14.29,0.0,0.0,14.29,0.0,0
1485b907fca54bdc491b2c614b87c56811d514e19168bfba7ce1e54dbfd77ffc,1,100.0,100.0,1.4,0.0,0.0,0.0,100.0,0.0,14.29,0.0,14.29,0.0,0.0,0
1198170e8bad0e672173300a23a6f09feaea6e1694262475062429c810433c47,1,0.0,20.0,0,80.0,20.0,0.0,0.0,0.0,0.0,100.0,0.0,0.0,0.0,1
12cdfdada01d38158da8a5e565b2169fdc5331e5efe6cf986185cd33126ca6d8,1,0.0,0.0,0,100.0,0.0,0.0,0.0,0.0,0.0,0.0,0.0,0.0,0.0,1
916dcb5594812e6a022365b7ec9d57586a65e50650f7debd9577da726426b15f,1,0.0,0.0,0,100.0,0.0,0.0,0.0,0.0,0.0,0.0,0.0,0.0,0.0,1
9875790761b9c2a61f36ac2e9d360b467424cd2751291906cffcf7db47b02ac4,1,100.0,100.0,2.8,0.0,0.0,0.0,100.0,0.0,21.43,21.43,7.14,0.0,0.0,0
39a95458d43dda67c44253e8b2dfebcab6218b7bf89947623f9fc12eeb6a17c5,1,100.0,100.0,1.4,0.0,0.0,0.0,100.0,0.0,28.57,0.0,0.0,0.0,0.0,0
a3280c7fc9ebe03b1be8aabec658fcda52f43e30b501a56887f72ac48065b337,1,100.0,100.0,1.8,0.0,0.0,0.0,100.0,0.0,44.44,0.0,0.0,0.0,0.0,0
17baa52e2023b59cad11509e82cdf702a06c67dfb093fc6c5b484173dd619612,1,60.0,80.0,1.0,20.0,20.0,0.0,60.0,0.0,50.0,0.0,0.0,0.0,0.0,0
d3e7ea465bff3dc805d9812236c8e52675814c4f12a51c98fd1048023879e038,1,100.0,100.0,1.4,0.0,0.0,0.0,100.0,0.0,28.57,0.0,0.0,0.0,0.0,0
c8ac9debf2c35eca437b9cb279e7e278e2c935ad508238893c5306cd45c6c153,1,60.0,80.0,1.67,20.0,0.0,20.0,60.0,0.0,53.85,23.08,0.0,0.0,0.0,1
601c5a424a3944180dd9c64f00ab5c2ae15b056f24345846cdc844f45f7ee21a,1,100.0,100.0,1.0,0.0,0.0,0.0,100.0,0.0,0.0,0.0,0.0,0.0,0.0,0
31e11e2deb3b64d433d175d7a60e59e2735c3645f4d28aadcb2ba3d52807dfe6,1,100.0,100.0,2.6,0.0,0.0,0.0,100.0,0.0,61.54,0.0,0.0,0.0,0.0,0
fbac466f00003d9fd3e73902df0f5077aa0d1fed490b122894b964fb1f02a046,1,100.0,100.0,1.6,0.0,0.0,0.0,100.0,0.0,0.0,0.0,37.5,0.0,0.0,0
b306e8e8259e7c1546355e2a3fdecbab5faa7fcfd9df8967ba6bfa788aa1e831,1,0.0,0.0,0,100.0,0.0,0.0,0.0,0.0,0.0,0.0,0.0,0.0,0.0,1
e620b8be8a9683273ce41955a3d371f6977e2e4e87a72a1c2b7d622e758872a7,1,60.0,60.0,2.0,40.0,0.0,0.0,60.0,0.0,33.33,0.0,16.67,0.0,0.0,1
156e718167249dba1bdcae107cd8d0c76739167dd13287f74041611490f1c530,1,40.0,40.0,2.0,60.0,0.0,0.0,40.0,0.0,25.0,0.0,25.0,0.0,0.0,1
73605c27a02215e6e399eaa3215959b3a4fb9724ce32288318a8d35eda92e629,1,80.0,80.0,2.75,20.0,0.0,0.0,80.0,0.0,36.36,27.27,0.0,0.0,0.0,1
267d169984804e3068151ed16b15bf15f9bb95c58247806ac09e36a8ca1bc088,1,100.0,100.0,1.0,0.0,0.0,0.0,100.0,0.0,0.0,0.0,0.0,0.0,0.0,1
4cbd5fdf02abf30c31129b8e9595d20a0e0e733ed6fc0374f2c4f85fd93f67d3,1,100.0,100.0,1.2,0.0,0.0,0.0,100.0,0.0,0.0,16.67,0.0,0.0,0.0,0
89929f93122ab4f6ce0d3b4b8a348858e57ca8f825be5fb9d8d10acbf5f2f683,1,0.0,40.0,0,60.0,40.0,0.0,0.0,0.0,0.0,100.0,0.0,0.0,0.0,0
f1029970e72e92b72107cbabfa6ce3db0258036159c0ac5b40bc47d38577ee37,1,100.0,100.0,1.6,0.0,0.0,0.0,100.0,0.0,12.5,12.5,0.0,0.0,0.0,0
a4a0a56208d2478404697057dccd29b410a3456cbb77209e52d262835d6e12eb,1,20.0,40.0,4.0,60.0,20.0,0.0,20.0,0.0,20.0,20.0,40.0,0.0,0.0,0
ae794a9567c25a9e743ec69227462de7dfa2af86d61a8bc3bdabe75e62de15f5,1,100.0,100.0,1.6,0.0,0.0,0.0,100.0,0.0,12.5,0.0,25.0,0.0,0.0,0
925c32c834833d3bc870e03a89969eb31a48016844cec2e14e7244212d7002ce,1,0.0,0.0,0,100.0,0.0,0.0,0.0,0.0,0.0,0.0,0.0,0.0,0.0,1
cc92d9a424d45b7f534a5dfa120e691820e0844d4b91bb33bd02f6f33df9c325,1,100.0,100.0,2.2,0.0,0.0,0.0,100.0,0.0,54.55,0.0,0.0,0.0,0.0,0
85fbe45fffa6302a4688195fbf28006e0301f5e86a9647d5c8c27ebf3177ea5e,1,100.0,100.0,1.4,0.0,0.0,0.0,100.0,0.0,0.0,14.29,0.0,14.29,0.0,0
b0bb88c31089a8ffdf9807bb81e02a7ae1fc14d6e751c0cd94d6e30c9d439555,1,0.0,20.0,0,80.0,20.0,0.0,0.0,0.0,66.67,33.33,0.0,0.0,0.0,1
05c7cbe2aa5e94aa88ee08a31771f131ed00c9156c3d0e409d33b782b7bd888d,1,20.0,40.0,1.0,60.0,20.0,0.0,20.0,0.0,66.67,0.0,0.0,0.0,0.0,0
405113f6692271342fea324f92b6551de9e0d0161157b33ddb23b14af745e450,1,100.0,100.0,1.2,0.0,0.0,0.0,100.0,0.0,16.67,0.0,0.0,0.0,0.0,0
7d75ab47a649f3e51bf330659fdc1e0804241fba8ad6e61acbf9b70411be2948,1,60.0,60.0,2.33,40.0,0.0,0.0,60.0,0.0,57.14,0.0,0.0,0.0,0.0,0
4b4c712272fdfd4bb1669e3304a566a3a155c569072a285d37c2226f6200e373,2,100.0,100.0,1.09,0.0,0.0,0.0,100.0,0.0,0.0,0.0,8.33,0.0,0.0,0
c5fc337975b5f2e8ed9bbc54f3044d910dd9dc99c7e60b407c21649f75cca4db,2,100.0,100.0,2.18,0.0,0.0,0.0,100.0,0.0,25.0,8.33,20.83,0.0,0.0,0
6dd6376c0367a27ea2d5a6f8e2d0d16c883c22cd98da638c797d1ad4bcce4511,2,100.0,100.0,1.09,0.0,0.0,0.0,100.0,0.0,7.14,0.0,0.0,0.0,0.0,0
f621c0eeb35734e30f155a372de1b2dc4ab79cdf8f11598dac4e28995c31e343,2,100.0,100.0,1.09,0.0,0.0,0.0,100.0,0.0,0.0,0.0,8.33,0.0,0.0,0
58f8b6cd44b64da67ee28cd6b969117b00ec4959245040b43628ccf2ddf0bfe7,2,91.67,100.0,1.3,0.0,8.34,0.0,91.66,0.0,19.44,11.11,0.0,0.0,0.0,0
d35b896314b571340fc5c6ffacd4472bb48feb9f3d902b0334fbf1b35ae202bc,2,46.67,56.66,1.6,43.33,10.0,0.0,46.66,0.0,41.67,0.0,0.0,0.0,0.0,1
2d64763640fa149bf269b6b244fec1a4bc3e47a35f7ce92ece8c4e8bbb6a86aa,2,75.0,91.66,2.12,8.33,16.66,0.0,75.0,0.0,51.65,7.69,0.0,0.0,0.0,1
80ddee563d888929ef844b3d0fa3f0da1bd1d749bdde5602412ad05342f28924,2,56.67,66.66,1.33,33.33,10.0,0.0,56.66,0.0,21.43,0.0,25.0,0.0,0.0,1
0eb59c8f3d8d0ac24d0825e89f912ce51c8302b587b4374449637cdbcfee8bec,2,75.0,100.0,1.12,0.0,25.0,0.0,75.0,0.0,35.0,0.0,0.0,8.33,0.0,0
179505be83c5d43e613612d30dee5aef4a1baedcec2c1d65f019fd407b4544ed,2,25.0,55.0,3.0,45.0,30.0,0.0,25.0,0.0,36.67,0.0,46.67,0.0,0.0,0
91c7c1e0e3f558f0d3044317f72a844e5bc1d040bfe7786a43aae231fa565f10,2,100.0,100.0,1.64,0.0,0.0,0.0,100.0,0.0,28.75,0.0,10.0,0.0,0.0,0
e71041734a5b5c7e2fcc6de1a3e0101ababf7612f9a39fb2140fbf92df45ffad,2,65.0,65.0,1.86,35.0,0.0,0.0,65.0,0.0,28.75,6.25,6.25,0.0,0.0,0
aadff4c585348216867279fbcb858488ee0e68e5c6588ea2d19254e76412e494,2,100.0,100.0,1.64,0.0,0.0,0.0,100.0,0.0,38.75,0.0,0.0,0.0,0.0,0
e4418ee2f2727b04fdd7b3c3c81a2b5081b34d53f4ed9a05968305d6ef2e3989,2,66.67,66.66,1.14,33.33,0.0,0.0,66.66,0.0,8.33,0.0,0.0,0.0,0.0,1
17e890e8fa3aef49eaf7e14754b79d404934602ea58a17e55922965805676574,2,0.0,0.0,0,100.0,0.0,0.0,0.0,0.0,0.0,0.0,0.0,0.0,0.0,1
b113894a35e62e28fcd7bea73923b6221382f271a2f1b4b72b91fb706adce9de,2,0.0,33.34,0,66.67,33.34,0.0,0.0,0.0,25.0,0.0,25.0,0.0,0.0,0
16ded72dcbd9c76308c9827fe7ae562344cb75e406a4324b0974705949f778bf,2,100.0,100.0,1.82,0.0,0.0,0.0,90.0,10.0,37.91,0.0,0.0,0.0,0.0,0
0bd6c25873ac6ed984c89f17e3c53c4a975abf5ded12ccc51b38bb4f986e15e4,2,25.0,35.0,1.33,65.0,10.0,0.0,25.0,0.0,50.0,0.0,12.5,0.0,0.0,1
58b5141d17764ff9b3ef9beebe63949594ee7be06378ed510d3dda37b8843592,2,56.67,75.0,1.83,25.0,18.34,0.0,56.66,0.0,21.43,0.0,40.0,0.0,0.0,1
9af6c218c29b9ed37384972a5e23be12d9689674555b3792f9942f2d0a0011f2,2,91.67,91.66,2.5,8.33,0.0,0.0,91.66,0.0,35.58,7.69,8.33,4.17,0.0,0
7a86b77a40cf77a1529d532b0da25d60b050b49d8dbde511c746879079ce619b,2,83.33,100.0,1.67,0.0,16.66,0.0,83.34,0.0,42.86,0.0,0.0,7.14,0.0,0
1485b907fca54bdc491b2c614b87c56811d514e19168bfba7ce1e54dbfd77ffc,2,100.0,100.0,1.64,0.0,0.0,0.0,100.0,0.0,29.87,0.0,7.14,0.0,0.0,0
1198170e8bad0e672173300a23a6f09feaea6e1694262475062429c810433c47,2,0.0,10.0,0,90.0,10.0,0.0,0.0,0.0,0.0,50.0,0.0,0.0,0.0,1
12cdfdada01d38158da8a5e565b2169fdc5331e5efe6cf986185cd33126ca6d8,2,0.0,0.0,0,100.0,0.0,0.0,0.0,0.0,0.0,0.0,0.0,0.0,0.0,1
916dcb5594812e6a022365b7ec9d57586a65e50650f7debd9577da726426b15f,2,0.0,0.0,0,100.0,0.0,0.0,0.0,0.0,0.0,0.0,0.0,0.0,0.0,1
9875790761b9c2a61f36ac2e9d360b467424cd2751291906cffcf7db47b02ac4,2,100.0,100.0,2.09,0.0,0.0,0.0,100.0,0.0,10.71,16.27,9.13,0.0,0.0,0
39a95458d43dda67c44253e8b2dfebcab6218b7bf89947623f9fc12eeb6a17c5,2,100.0,100.0,1.27,0.0,0.0,0.0,100.0,0.0,21.43,0.0,0.0,0.0,0.0,0
a3280c7fc9ebe03b1be8aabec658fcda52f43e30b501a56887f72ac48065b337,2,91.67,100.0,2.1,0.0,8.34,0.0,91.66,0.0,43.65,0.0,10.71,0.0,0.0,0
17baa52e2023b59cad11509e82cdf702a06c67dfb093fc6c5b484173dd619612,2,55.0,65.0,1.83,35.0,10.0,0.0,55.0,0.0,50.0,0.0,6.25,0.0,0.0,0
d3e7ea465bff3dc805d9812236c8e52675814c4f12a51c98fd1048023879e038,2,100.0,100.0,1.18,0.0,0.0,0.0,100.0,0.0,14.29,0.0,0.0,0.0,0.0,0
c8ac9debf2c35eca437b9cb279e7e278e2c935ad508238893c5306cd45c6c153,2,30.0,40.0,1.67,60.0,0.0,10.0,30.0,0.0,26.92,11.54,0.0,0.0,0.0,1
601c5a424a3944180dd9c64f00ab5c2ae15b056f24345846cdc844f45f7ee21a,2,83.33,83.34,1.22,16.67,0.0,0.0,83.34,0.0,16.67,0.0,0.0,0.0,0.0,0
31e11e2deb3b64d433d175d7a60e59e2735c3645f4d28aadcb2ba3d52807dfe6,2,100.0,100.0,2.45,0.0,0.0,0.0,100.0,0.0,45.05,14.29,0.0,0.0,0.0,0
fbac466f00003d9fd3e73902df0f5077aa0d1fed490b122894b964fb1f02a046,2,91.67,100.0,1.4,0.0,8.34,0.0,91.66,0.0,14.29,0.0,18.75,0.0,0.0,0
b306e8e8259e7c1546355e2a3fdecbab5faa7fcfd9df8967ba6bfa788aa1e831,2,0.0,0.0,0,100.0,0.0,0.0,0.0,0.0,0.0,0.0,0.0,0.0,0.0,1
e620b8be8a9683273ce41955a3d371f6977e2e4e87a72a1c2b7d622e758872a7,2,38.33,38.34,1.75,61.67,0.0,0.0,38.34,0.0,16.67,0.0,8.33,0.0,0.0,1
156e718167249dba1bdcae107cd8d0c76739167dd13287f74041611490f1c530,2,36.67,36.66,2.25,63.33,0.0,0.0,36.66,0.0,12.5,10.0,32.5,0.0,0.0,1
73605c27a02215e6e399eaa3215959b3a4fb9724ce32288318a8d35eda92e629,2,56.67,65.0,2.5,35.0,8.34,0.0,56.66,0.0,38.18,23.64,0.0,0.0,0.0,1
267d169984804e3068151ed16b15bf15f9bb95c58247806ac09e36a8ca1bc088,2,58.33,66.66,1.0,33.33,8.34,0.0,58.34,0.0,37.5,0.0,0.0,0.0,0.0,1
4cbd5fdf02abf30c31129b8e9595d20a0e0e733ed6fc0374f2c4f85fd93f67d3,2,100.0,100.0,1.36,0.0,0.0,0.0,100.0,0.0,11.11,8.33,5.56,0.0,0.0,0
89929f93122ab4f6ce0d3b4b8a348858e57ca8f825be5fb9d8d10acbf5f2f683,2,16.67,45.0,1.0,55.0,28.34,0.0,16.66,0.0,16.67,50.0,0.0,0.0,0.0,0
f1029970e72e92b72107cbabfa6ce3db0258036159c0ac5b40bc47d38577ee37,2,83.33,83.34,1.56,16.67,0.0,0.0,83.34,0.0,22.92,6.25,0.0,0.0,0.0,0
a4a0a56208d2478404697057dccd29b410a3456cbb77209e52d262835d6e12eb,2,35.0,53.34,2.0,46.67,18.34,0.0,35.0,0.0,20.0,10.0,30.0,0.0,0.0,0
ae794a9567c25a9e743ec69227462de7dfa2af86d61a8bc3bdabe75e62de15f5,2,100.0,100.0,2.55,0.0,0.0,0.0,100.0,0.0,26.25,10.0,15.0,0.0,0.0,0
925c32c834833d3bc870e03a89969eb31a48016844cec2e14e7244212d7002ce,2,0.0,0.0,0,100.0,0.0,0.0,0.0,0.0,0.0,0.0,0.0,0.0,0.0,1
cc92d9a424d45b7f534a5dfa120e691820e0844d4b91bb33bd02f6f33df9c325,2,100.0,100.0,1.64,0.0,0.0,0.0,100.0,0.0,34.42,0.0,0.0,0.0,0.0,0
85fbe45fffa6302a4688195fbf28006e0301f5e86a9647d5c8c27ebf3177ea5e,2,100.0,100.0,1.64,0.0,0.0,0.0,100.0,0.0,22.73,7.14,0.0,7.14,0.0,0
b0bb88c31089a8ffdf9807bb81e02a7ae1fc14d6e751c0cd94d6e30c9d439555,2,0.0,10.0,0,90.0,10.0,0.0,0.0,0.0,33.33,16.67,0.0,0.0,0.0,1
05c7cbe2aa5e94aa88ee08a31771f131ed00c9156c3d0e409d33b782b7bd888d,2,26.67,53.34,1.0,46.67,26.66,0.0,26.66,0.0,45.83,0.0,12.5,0.0,0.0,0
405113f6692271342fea324f92b6551de9e0d0161157b33ddb23b14af745e450,2,100.0,100.0,1.45,0.0,0.0,0.0,100.0,0.0,28.33,0.0,0.0,0.0,0.0,0
7d75ab47a649f3e51bf330659fdc1e0804241fba8ad6e61acbf9b70411be2948,2,38.33,63.34,2.0,36.67,25.0,0.0,38.34,0.0,28.57,42.86,0.0,0.0,0.0,0
4b4c712272fdfd4bb1669e3304a566a3a155c569072a285d37c2226f6200e373,3,86.67,86.67,1.07,13.33,0.0,0.0,86.67,0.0,0.0,0.0,5.56,0.0,0.0,0
c5fc337975b5f2e8ed9bbc54f3044d910dd9dc99c7e60b407c21649f75cca4db,3,80.0,80.0,2.0,20.0,0.0,0.0,80.0,0.0,16.67,5.56,13.89,0.0,0.0,0
6dd6376c0367a27ea2d5a6f8e2d0d16c883c22cd98da638c797d1ad4bcce4511,3,100.0,100.0,1.06,0.0,0.0,0.0,100.0,0.0,4.76,0.0,0.0,0.0,0.0,0
f621c0eeb35734e30f155a372de1b2dc4ab79cdf8f11598dac4e28995c31e343,3,93.33,93.33,1.07,6.67,0.0,0.0,93.33,0.0,0.0,0.0,5.56,0.0,0.0,0
58f8b6cd44b64da67ee28cd6b969117b00ec4959245040b43628ccf2ddf0bfe7,3,94.44,100.0,1.2,0.0,5.56,0.0,94.44,0.0,12.96,7.41,0.0,0.0,0.0,0
d35b896314b571340fc5c6ffacd4472bb48feb9f3d902b0334fbf1b35ae202bc,3,31.11,37.78,1.6,62.22,6.67,0.0,31.11,0.0,27.78,0.0,0.0,0.0,0.0,1
2d64763640fa149bf269b6b244fec1a4bc3e47a35f7ce92ece8c4e8bbb6a86aa,3,63.33,74.44,2.2,25.56,11.11,0.0,63.33,0.0,41.1,5.13,13.33,0.0,0.0,1
80ddee563d888929ef844b3d0fa3f0da1bd1d749bdde5602412ad05342f28924,3,57.78,64.44,1.56,35.56,6.67,0.0,57.78,0.0,14.29,0.0,16.67,0.0,16.67,1
0eb59c8f3d8d0ac24d0825e89f912ce51c8302b587b4374449637cdbcfee8bec,3,70.0,86.67,1.55,13.33,16.67,0.0,70.0,0.0,40.0,0.0,4.17,5.56,0.0,0
179505be83c5d43e613612d30dee5aef4a1baedcec2c1d65f019fd407b4544ed,3,23.33,50.0,2.5,50.0,26.67,0.0,23.33,0.0,24.44,0.0,47.78,0.0,0.0,0
91c7c1e0e3f558f0d3044317f72a844e5bc1d040bfe7786a43aae231fa565f10,3,93.33,100.0,1.47,0.0,6.67,0.0,93.33,0.0,30.28,0.0,6.67,0.0,0.0,0
e71041734a5b5c7e2fcc6de1a3e0101ababf7612f9a39fb2140fbf92df45ffad,3,43.33,43.33,1.86,56.67,0.0,0.0,43.33,0.0,19.17,4.17,4.17,0.0,0.0,0
aadff4c585348216867279fbcb858488ee0e68e5c6588ea2d19254e76412e494,3,93.33,93.33,1.67,6.67,0.0,0.0,93.33,0.0,30.6,0.0,9.52,0.0,0.0,0
e4418ee2f2727b04fdd7b3c3c81a2b5081b34d53f4ed9a05968305d6ef2e3989,3,57.78,57.78,1.33,42.22,0.0,0.0,57.78,0.0,5.56,0.0,16.67,0.0,0.0,1
17e890e8fa3aef49eaf7e14754b79d404934602ea58a17e55922965805676574,3,0.0,0.0,0,100.0,0.0,0.0,0.0,0.0,0.0,0.0,0.0,0.0,0.0,1
b113894a35e62e28fcd7bea73923b6221382f271a2f1b4b72b91fb706adce9de,3,33.33,55.56,1.2,44.44,22.22,0.0,33.33,0.0,16.67,0.0,22.22,0.0,0.0,0
16ded72dcbd9c76308c9827fe7ae562344cb75e406a4324b0974705949f778bf,3,100.0,100.0,1.88,0.0,0.0,0.0,93.33,6.67,28.61,0.0,13.33,0.0,0.0,0
0bd6c25873ac6ed984c89f17e3c53c4a975abf5ded12ccc51b38bb4f986e15e4,3,16.67,23.33,1.33,76.67,6.67,0.0,16.67,0.0,33.33,0.0,8.33,0.0,0.0,1
58b5141d17764ff9b3ef9beebe63949594ee7be06378ed510d3dda37b8843592,3,37.78,50.0,1.83,50.0,12.22,0.0,37.78,0.0,14.29,0.0,26.67,0.0,0.0,1
9af6c218c29b9ed37384972a5e23be12d9689674555b3792f9942f2d0a0011f2,3,74.44,74.44,2.75,25.56,0.0,0.0,74.44,0.0,27.88,5.13,9.72,2.78,16.67,0
7a86b77a40cf77a1529d532b0da25d60b050b49d8dbde511c746879079ce619b,3,68.89,80.0,1.64,20.0,11.11,0.0,68.89,0.0,28.57,0.0,11.11,4.76,0.0,0
1485b907fca54bdc491b2c614b87c56811d514e19168bfba7ce1e54dbfd77ffc,3,100.0,100.0,1.62,0.0,0.0,0.0,100.0,0.0,28.25,0.0,4.76,4.17,0.0,0
1198170e8bad0e672173300a23a6f09feaea6e1694262475062429c810433c47,3,0.0,6.67,0,93.33,6.67,0.0,0.0,0.0,0.0,33.33,0.0,0.0,0.0,1
12cdfdada01d38158da8a5e565b2169fdc5331e5efe6cf986185cd33126ca6d8,3,0.0,0.0,0,100.0,0.0,0.0,0.0,0.0,0.0,0.0,0.0,0.0,0.0,1
916dcb5594812e6a022365b7ec9d57586a65e50650f7debd9577da726426b15f,3,0.0,0.0,0,100.0,0.0,0.0,0.0,0.0,0.0,0.0,0.0,0.0,0.0,1
9875790761b9c2a61f36ac2e9d360b467424cd2751291906cffcf7db47b02ac4,3,100.0,100.0,1.88,0.0,0.0,0.0,100.0,0.0,16.67,10.85,6.08,0.0,0.0,0
39a95458d43dda67c44253e8b2dfebcab6218b7bf89947623f9fc12eeb6a17c5,3,100.0,100.0,1.31,0.0,0.0,0.0,100.0,0.0,23.81,0.0,0.0,0.0,0.0,0
a3280c7fc9ebe03b1be8aabec658fcda52f43e30b501a56887f72ac48065b337,3,87.78,100.0,1.93,0.0,12.22,0.0,87.78,0.0,36.51,3.7,10.85,0.0,3.7,0
17baa52e2023b59cad11509e82cdf702a06c67dfb093fc6c5b484173dd619612,3,50.0,56.67,1.88,43.33,6.67,0.0,50.0,0.0,33.33,0.0,20.83,0.0,0.0,0
d3e7ea465bff3dc805d9812236c8e52675814c4f12a51c98fd1048023879e038,3,66.67,66.67,1.18,33.33,0.0,0.0,66.67,0.0,9.52,0.0,0.0,0.0,0.0,0
c8ac9debf2c35eca437b9cb279e7e278e2c935ad508238893c5306cd45c6c153,3,20.0,26.67,1.67,73.33,0.0,6.67,20.0,0.0,17.95,7.69,0.0,0.0,0.0,1
601c5a424a3944180dd9c64f00ab5c2ae15b056f24345846cdc844f45f7ee21a,3,82.22,82.22,1.31,17.78,0.0,0.0,82.22,0.0,11.11,0.0,11.11,0.0,0.0,0
31e11e2deb3b64d433d175d7a60e59e2735c3645f4d28aadcb2ba3d52807dfe6,3,86.67,100.0,2.21,0.0,6.67,6.67,86.67,0.0,49.48,12.3,2.78,0.0,0.0,0
fbac466f00003d9fd3e73902df0f5077aa0d1fed490b122894b964fb1f02a046,3,81.11,93.33,1.46,6.67,12.22,0.0,81.11,0.0,9.52,9.52,22.02,0.0,0.0,0
b306e8e8259e7c1546355e2a3fdecbab5faa7fcfd9df8967ba6bfa788aa1e831,3,0.0,0.0,0,100.0,0.0,0.0,0.0,0.0,0.0,0.0,0.0,0.0,0.0,1
e620b8be8a9683273ce41955a3d371f6977e2e4e87a72a1c2b7d622e758872a7,3,25.56,25.56,1.75,74.44,0.0,0.0,25.56,0.0,11.11,0.0,5.56,0.0,0.0,1
156e718167249dba1bdcae107cd8d0c76739167dd13287f74041611490f1c530,3,31.11,37.78,2.0,62.22,6.67,0.0,31.11,0.0,25.0,6.67,21.67,0.0,0.0,1
73605c27a02215e6e399eaa3215959b3a4fb9724ce32288318a8d35eda92e629,3,44.44,56.67,2.29,43.33,12.22,0.0,44.44,0.0,25.45,15.76,25.0,0.0,0.0,1
267d169984804e3068151ed16b15bf15f9bb95c58247806ac09e36a8ca1bc088,3,38.89,44.44,1.0,55.56,5.56,0.0,38.89,0.0,25.0,0.0,0.0,0.0,0.0,1
4cbd5fdf02abf30c31129b8e9595d20a0e0e733ed6fc0374f2c4f85fd93f67d3,3,93.33,93.33,1.4,6.67,0.0,0.0,93.33,0.0,7.41,5.56,14.81,0.0,0.0,0
89929f93122ab4f6ce0d3b4b8a348858e57ca8f825be5fb9d8d10acbf5f2f683,3,11.11,30.0,1.0,70.0,18.89,0.0,11.11,0.0,11.11,33.33,0.0,0.0,0.0,0
f1029970e72e92b72107cbabfa6ce3db0258036159c0ac5b40bc47d38577ee37,3,75.56,75.56,1.42,24.44,0.0,0.0,75.56,0.0,15.28,4.17,0.0,0.0,0.0,0
a4a0a56208d2478404697057dccd29b410a3456cbb77209e52d262835d6e12eb,3,30.0,55.56,1.8,44.44,25.56,0.0,30.0,0.0,24.44,6.67,31.11,0.0,0.0,0
ae794a9567c25a9e743ec69227462de7dfa2af86d61a8bc3bdabe75e62de15f5,3,93.33,93.33,2.4,6.67,0.0,0.0,93.33,0.0,30.0,6.67,14.17,0.0,0.0,0
925c32c834833d3bc870e03a89969eb31a48016844cec2e14e7244212d7002ce,3,0.0,0.0,0,100.0,0.0,0.0,0.0,0.0,0.0,0.0,0.0,0.0,0.0,1
cc92d9a424d45b7f534a5dfa120e691820e0844d4b91bb33bd02f6f33df9c325,3,100.0,100.0,1.5,0.0,0.0,0.0,100.0,0.0,22.94,0.0,5.56,0.0,0.0,0
85fbe45fffa6302a4688195fbf28006e0301f5e86a9647d5c8c27ebf3177ea5e,3,93.33,93.33,1.53,6.67,0.0,0.0,93.33,0.0,21.82,4.76,0.0,4.76,0.0,0
b0bb88c31089a8ffdf9807bb81e02a7ae1fc14d6e751c0cd94d6e30c9d439555,3,0.0,6.67,0,93.33,6.67,0.0,0.0,0.0,22.22,11.11,0.0,0.0,0.0,1
05c7cbe2aa5e94aa88ee08a31771f131ed00c9156c3d0e409d33b782b7bd888d,3,24.44,42.22,1.25,57.78,17.78,0.0,24.44,0.0,47.22,0.0,8.33,0.0,0.0,0
405113f6692271342fea324f92b6551de9e0d0161157b33ddb23b14af745e450,3,93.33,100.0,1.47,0.0,6.67,0.0,93.33,0.0,28.41,0.0,0.0,0.0,4.76,0
7d75ab47a649f3e51bf330659fdc1e0804241fba8ad6e61acbf9b70411be2948,3,25.56,42.22,2.0,57.78,16.67,0.0,25.56,0.0,19.05,28.57,0.0,0.0,0.0,0
4b4c712272fdfd4bb1669e3304a566a3a155c569072a285d37c2226f6200e373,4,90.0,90.0,1.05,10.0,0.0,0.0,90.0,0.0,0.0,0.0,4.17,0.0,0.0,0
c5fc337975b5f2e8ed9bbc54f3044d910dd9dc99c7e60b407c21649f75cca4db,4,80.0,80.0,2.0,20.0,0.0,0.0,80.0,0.0,25.0,4.17,10.42,0.0,0.0,0
6dd6376c0367a27ea2d5a6f8e2d0d16c883c22cd98da638c797d1ad4bcce4511,4,100.0,100.0,1.05,0.0,0.0,0.0,100.0,0.0,3.57,0.0,0.0,0.0,0.0,0
f621c0eeb35734e30f155a372de1b2dc4ab79cdf8f11598dac4e28995c31e343,4,90.0,95.0,1.11,5.0,5.0,0.0,90.0,0.0,10.71,0.0,4.17,0.0,0.0,0
58f8b6cd44b64da67ee28cd6b969117b00ec4959245040b43628ccf2ddf0bfe7,4,95.83,100.0,1.2,0.0,4.17,0.0,95.83,0.0,13.89,5.56,0.0,0.0,0.0,0
d35b896314b571340fc5c6ffacd4472bb48feb9f3d902b0334fbf1b35ae202bc,4,23.33,28.33,1.6,71.67,5.0,0.0,23.33,0.0,20.83,0.0,0.0,0.0,0.0,1
2d64763640fa149bf269b6b244fec1a4bc3e47a35f7ce92ece8c4e8bbb6a86aa,4,47.5,55.83,2.2,44.17,8.33,0.0,47.5,0.0,30.82,3.85,10.0,0.0,0.0,1
80ddee563d888929ef844b3d0fa3f0da1bd1d749bdde5602412ad05342f28924,4,53.33,58.33,1.45,41.67,5.0,0.0,53.33,0.0,10.71,0.0,12.5,0.0,12.5,1
0eb59c8f3d8d0ac24d0825e89f912ce51c8302b587b4374449637cdbcfee8bec,4,67.5,80.0,1.79,20.0,12.5,0.0,67.5,0.0,45.62,0.0,3.12,4.17,0.0,0
179505be83c5d43e613612d30dee5aef4a1baedcec2c1d65f019fd407b4544ed,4,17.5,37.5,2.5,62.5,20.0,0.0,17.5,0.0,18.33,0.0,35.83,0.0,0.0,0
91c7c1e0e3f558f0d3044317f72a844e5bc1d040bfe7786a43aae231fa565f10,4,95.0,100.0,1.35,0.0,5.0,0.0,95.0,0.0,22.71,0.0,5.0,0.0,0.0,0
e71041734a5b5c7e2fcc6de1a3e0101ababf7612f9a39fb2140fbf92df45ffad,4,37.5,37.5,1.75,62.5,0.0,0.0,37.5,0.0,14.38,3.12,3.12,0.0,0.0,0
aadff4c585348216867279fbcb858488ee0e68e5c6588ea2d19254e76412e494,4,70.0,70.0,1.67,30.0,0.0,0.0,70.0,0.0,22.95,0.0,7.14,0.0,0.0,0
e4418ee2f2727b04fdd7b3c3c81a2b5081b34d53f4ed9a05968305d6ef2e3989,4,43.33,43.33,1.33,56.67,0.0,0.0,43.33,0.0,4.17,0.0,12.5,0.0,0.0,1
17e890e8fa3aef49eaf7e14754b79d404934602ea58a17e55922965805676574,4,0.0,0.0,0,100.0,0.0,0.0,0.0,0.0,0.0,0.0,0.0,0.0,0.0,1
b113894a35e62e28fcd7bea73923b6221382f271a2f1b4b72b91fb706adce9de,4,50.0,66.67,1.2,33.33,16.67,0.0,50.0,0.0,16.67,0.0,16.67,0.0,0.0,0
16ded72dcbd9c76308c9827fe7ae562344cb75e406a4324b0974705949f778bf,4,100.0,100.0,1.76,0.0,0.0,0.0,95.0,5.0,28.6,0.0,10.0,0.0,0.0,0
0bd6c25873ac6ed984c89f17e3c53c4a975abf5ded12ccc51b38bb4f986e15e4,4,12.5,17.5,1.33,82.5,5.0,0.0,12.5,0.0,25.0,0.0,6.25,0.0,0.0,1
58b5141d17764ff9b3ef9beebe63949594ee7be06378ed510d3dda37b8843592,4,33.33,42.5,2.14,57.5,9.17,0.0,33.33,0.0,23.21,0.0,26.25,0.0,0.0,1
9af6c218c29b9ed37384972a5e23be12d9689674555b3792f9942f2d0a0011f2,4,55.83,55.83,2.75,44.17,0.0,0.0,55.83,0.0,20.91,3.85,7.29,2.08,12.5,0
7a86b77a40cf77a1529d532b0da25d60b050b49d8dbde511c746879079ce619b,4,51.67,60.0,1.64,40.0,8.33,0.0,51.67,0.0,21.43,0.0,8.33,3.57,0.0,0
1485b907fca54bdc491b2c614b87c56811d514e19168bfba7ce1e54dbfd77ffc,4,100.0,100.0,1.57,0.0,0.0,0.0,100.0,0.0,24.76,0.0,7.14,3.12,0.0,0
1198170e8bad0e672173300a23a6f09feaea6e1694262475062429c810433c47,4,0.0,5.0,0,95.0,5.0,0.0,0.0,0.0,0.0,25.0,0.0,0.0,0.0,1
12cdfdada01d38158da8a5e565b2169fdc5331e5efe6cf986185cd33126ca6d8,4,0.0,0.0,0,100.0,0.0,0.0,0.0,0.0,0.0,0.0,0.0,0.0,0.0,1
916dcb5594812e6a022365b7ec9d57586a65e50650f7debd9577da726426b15f,4,0.0,0.0,0,100.0,0.0,0.0,0.0,0.0,0.0,0.0,0.0,0.0,0.0,1
9875790761b9c2a61f36ac2e9d360b467424cd2751291906cffcf7db47b02ac4,4,100.0,100.0,1.71,0.0,0.0,0.0,100.0,0.0,12.5,8.13,8.73,0.0,0.0,0
39a95458d43dda67c44253e8b2dfebcab6218b7bf89947623f9fc12eeb6a17c5,4,100.0,100.0,1.33,0.0,0.0,0.0,100.0,0.0,17.86,0.0,0.0,0.0,7.14,0
a3280c7fc9ebe03b1be8aabec658fcda52f43e30b501a56887f72ac48065b337,4,90.83,100.0,1.89,0.0,9.17,0.0,90.83,0.0,35.71,5.56,8.13,0.0,2.78,0
17baa52e2023b59cad11509e82cdf702a06c67dfb093fc6c5b484173dd619612,4,37.5,42.5,1.88,57.5,5.0,0.0,37.5,0.0,25.0,0.0,15.62,0.0,0.0,0
d3e7ea465bff3dc805d9812236c8e52675814c4f12a51c98fd1048023879e038,4,70.0,75.0,1.33,25.0,5.0,0.0,70.0,0.0,19.64,0.0,0.0,0.0,0.0,0
c8ac9debf2c35eca437b9cb279e7e278e2c935ad508238893c5306cd45c6c153,4,15.0,20.0,1.67,80.0,0.0,5.0,15.0,0.0,13.46,5.77,0.0,0.0,0.0,1
601c5a424a3944180dd9c64f00ab5c2ae15b056f24345846cdc844f45f7ee21a,4,76.67,76.67,1.25,23.33,0.0,0.0,76.67,0.0,8.33,0.0,8.33,0.0,0.0,0
31e11e2deb3b64d433d175d7a60e59e2735c3645f4d28aadcb2ba3d52807dfe6,4,90.0,100.0,2.26,0.0,5.0,5.0,90.0,0.0,51.69,9.23,2.08,0.0,0.0,0
fbac466f00003d9fd3e73902df0f5077aa0d1fed490b122894b964fb1f02a046,4,85.83,95.0,1.44,5.0,9.17,0.0,85.83,0.0,10.71,7.14,20.09,0.0,0.0,0
b306e8e8259e7c1546355e2a3fdecbab5faa7fcfd9df8967ba6bfa788aa1e831,4,0.0,0.0,0,100.0,0.0,0.0,0.0,0.0,0.0,0.0,0.0,0.0,0.0,1
e620b8be8a9683273ce41955a3d371f6977e2e4e87a72a1c2b7d622e758872a7,4,19.17,19.17,1.75,80.83,0.0,0.0,19.17,0.0,8.33,0.0,4.17,0.0,0.0,1
156e718167249dba1bdcae107cd8d0c76739167dd13287f74041611490f1c530,4,23.33,33.33,2.0,66.67,10.0,0.0,23.33,0.0,18.75,17.5,28.75,0.0,0.0,1
73605c27a02215e6e399eaa3215959b3a4fb9724ce32288318a8d35eda92e629,4,33.33,42.5,2.29,57.5,9.17,0.0,33.33,0.0,19.09,11.82,18.75,0.0,0.0,1
267d169984804e3068151ed16b15bf15f9bb95c58247806ac09e36a8ca1bc088,4,54.17,58.33,1.09,41.67,4.17,0.0,54.17,0.0,22.92,0.0,0.0,0.0,0.0,1
4cbd5fdf02abf30c31129b8e9595d20a0e0e733ed6fc0374f2c4f85fd93f67d3,4,85.0,85.0,1.56,15.0,0.0,0.0,85.0,0.0,19.84,4.17,11.11,0.0,0.0,0
89929f93122ab4f6ce0d3b4b8a348858e57ca8f825be5fb9d8d10acbf5f2f683,4,8.33,22.5,1.0,77.5,14.17,0.0,8.33,0.0,8.33,25.0,0.0,0.0,0.0,0
f1029970e72e92b72107cbabfa6ce3db0258036159c0ac5b40bc47d38577ee37,4,81.67,81.67,1.29,18.33,0.0,0.0,81.67,0.0,11.46,3.12,0.0,0.0,0.0,0
a4a0a56208d2478404697057dccd29b410a3456cbb77209e52d262835d6e12eb,4,22.5,41.67,1.8,58.33,19.17,0.0,22.5,0.0,18.33,5.0,23.33,0.0,0.0,0
ae794a9567c25a9e743ec69227462de7dfa2af86d61a8bc3bdabe75e62de15f5,4,90.0,95.0,2.26,5.0,5.0,0.0,90.0,0.0,33.61,7.78,10.62,0.0,0.0,0
925c32c834833d3bc870e03a89969eb31a48016844cec2e14e7244212d7002ce,4,0.0,0.0,0,100.0,0.0,0.0,0.0,0.0,0.0,0.0,0.0,0.0,0.0,1
cc92d9a424d45b7f534a5dfa120e691820e0844d4b91bb33bd02f6f33df9c325,4,100.0,100.0,1.43,0.0,0.0,0.0,100.0,0.0,21.37,0.0,4.17,0.0,0.0,0
85fbe45fffa6302a4688195fbf28006e0301f5e86a9647d5c8c27ebf3177ea5e,4,95.0,95.0,1.55,5.0,0.0,0.0,95.0,0.0,25.74,3.57,0.0,3.57,0.0,0
b0bb88c31089a8ffdf9807bb81e02a7ae1fc14d6e751c0cd94d6e30c9d439555,4,0.0,5.0,0,95.0,5.0,0.0,0.0,0.0,16.67,8.33,0.0,0.0,0.0,1
05c7cbe2aa5e94aa88ee08a31771f131ed00c9156c3d0e409d33b782b7bd888d,4,18.33,31.67,1.25,68.33,13.33,0.0,18.33,0.0,35.42,0.0,6.25,0.0,0.0,0
405113f6692271342fea324f92b6551de9e0d0161157b33ddb23b14af745e450,4,95.0,100.0,1.4,0.0,5.0,0.0,95.0,0.0,21.31,0.0,0.0,0.0,3.57,0
7d75ab47a649f3e51bf330659fdc1e0804241fba8ad6e61acbf9b70411be2948,4,29.17,41.67,1.67,58.33,12.5,0.0,29.17,0.0,14.29,21.43,0.0,0.0,0.0,0
4b4c712272fdfd4bb1669e3304a566a3a155c569072a285d37c2226f6200e373,5,92.0,92.0,1.04,8.0,0.0,0.0,92.0,0.0,0.0,0.0,3.33,0.0,0.0,0
c5fc337975b5f2e8ed9bbc54f3044d910dd9dc99c7e60b407c21649f75cca4db,5,84.0,84.0,1.9,16.0,0.0,0.0,84.0,0.0,26.67,3.33,8.33,0.0,0.0,0
6dd6376c0367a27ea2d5a6f8e2d0d16c883c22cd98da638c797d1ad4bcce4511,5,100.0,100.0,1.08,0.0,0.0,0.0,100.0,0.0,6.86,0.0,0.0,0.0,0.0,0
f621c0eeb35734e30f155a372de1b2dc4ab79cdf8f11598dac4e28995c31e343,5,92.0,96.0,1.09,4.0,4.0,0.0,92.0,0.0,8.57,0.0,3.33,0.0,0.0,0
58f8b6cd44b64da67ee28cd6b969117b00ec4959245040b43628ccf2ddf0bfe7,5,96.67,100.0,1.29,0.0,3.33,0.0,96.67,0.0,16.83,7.3,0.0,0.0,0.0,0
d35b896314b571340fc5c6ffacd4472bb48feb9f3d902b0334fbf1b35ae202bc,5,18.67,22.67,1.6,77.33,4.0,0.0,18.67,0.0,16.67,0.0,0.0,0.0,0.0,1
2d64763640fa149bf269b6b244fec1a4bc3e47a35f7ce92ece8c4e8bbb6a86aa,5,53.0,59.67,2.0,40.33,6.67,0.0,53.0,0.0,29.66,3.08,8.0,0.0,0.0,1
80ddee563d888929ef844b3d0fa3f0da1bd1d749bdde5602412ad05342f28924,5,52.67,61.67,1.46,38.33,9.0,0.0,52.67,0.0,18.57,0.0,10.0,0.0,10.0,1
0eb59c8f3d8d0ac24d0825e89f912ce51c8302b587b4374449637cdbcfee8bec,5,74.0,84.0,1.67,16.0,10.0,0.0,74.0,0.0,40.5,0.0,2.5,3.33,0.0,0
179505be83c5d43e613612d30dee5aef4a1baedcec2c1d65f019fd407b4544ed,5,34.0,50.0,2.25,50.0,16.0,0.0,34.0,0.0,24.67,0.0,28.67,0.0,0.0,0
91c7c1e0e3f558f0d3044317f72a844e5bc1d040bfe7786a43aae231fa565f10,5,96.0,100.0,1.33,0.0,4.0,0.0,96.0,0.0,22.17,0.0,4.0,0.0,0.0,0
e71041734a5b5c7e2fcc6de1a3e0101ababf7612f9a39fb2140fbf92df45ffad,5,50.0,50.0,1.67,50.0,0.0,0.0,50.0,0.0,18.17,2.5,2.5,0.0,0.0,0
aadff4c585348216867279fbcb858488ee0e68e5c6588ea2d19254e76412e494,5,76.0,76.0,1.58,24.0,0.0,0.0,76.0,0.0,18.36,4.0,5.71,0.0,0.0,0
e4418ee2f2727b04fdd7b3c3c81a2b5081b34d53f4ed9a05968305d6ef2e3989,5,39.67,39.67,1.3,60.33,0.0,0.0,39.67,0.0,3.33,0.0,10.0,0.0,0.0,1
17e890e8fa3aef49eaf7e14754b79d404934602ea58a17e55922965805676574,5,0.0,0.0,0,100.0,0.0,0.0,0.0,0.0,0.0,0.0,0.0,0.0,0.0,1
b113894a35e62e28fcd7bea73923b6221382f271a2f1b4b72b91fb706adce9de,5,60.0,73.33,1.14,26.67,13.33,0.0,60.0,0.0,13.33,0.0,13.33,0.0,0.0,0
16ded72dcbd9c76308c9827fe7ae562344cb75e406a4324b0974705949f778bf,5,100.0,100.0,1.72,0.0,0.0,0.0,96.0,4.0,26.21,0.0,11.33,0.0,0.0,0
0bd6c25873ac6ed984c89f17e3c53c4a975abf5ded12ccc51b38bb4f986e15e4,5,25.0,29.0,1.33,71.0,4.0,0.0,25.0,0.0,25.0,0.0,5.0,0.0,0.0,1
58b5141d17764ff9b3ef9beebe63949594ee7be06378ed510d3dda37b8843592,5,46.67,54.0,2.36,46.0,7.33,0.0,46.67,0.0,29.48,1.82,21.0,0.0,0.0,1
9af6c218c29b9ed37384972a5e23be12d9689674555b3792f9942f2d0a0011f2,5,59.67,64.67,2.8,35.33,0.0,5.0,59.67,0.0,30.48,5.58,5.83,1.67,10.0,0
7a86b77a40cf77a1529d532b0da25d60b050b49d8dbde511c746879079ce619b,5,61.33,68.0,1.73,32.0,6.67,0.0,61.33,0.0,27.14,0.0,6.67,2.86,0.0,0
1485b907fca54bdc491b2c614b87c56811d514e19168bfba7ce1e54dbfd77ffc,5,100.0,100.0,1.48,0.0,0.0,0.0,100.0,0.0,19.81,0.0,5.71,2.5,0.0,0
1198170e8bad0e672173300a23a6f09feaea6e1694262475062429c810433c47,5,0.0,9.0,0,91.0,9.0,0.0,0.0,0.0,20.0,20.0,0.0,0.0,0.0,1
12cdfdada01d38158da8a5e565b2169fdc5331e5efe6cf986185cd33126ca6d8,5,0.0,0.0,0,100.0,0.0,0.0,0.0,0.0,0.0,0.0,0.0,0.0,0.0,1
916dcb5594812e6a022365b7ec9d57586a65e50650f7debd9577da726426b15f,5,0.0,0.0,0,100.0,0.0,0.0,0.0,0.0,0.0,0.0,0.0,0.0,0.0,1
9875790761b9c2a61f36ac2e9d360b467424cd2751291906cffcf7db47b02ac4,5,100.0,100.0,1.72,0.0,0.0,0.0,100.0,0.0,12.86,6.51,6.98,0.0,0.0,0
39a95458d43dda67c44253e8b2dfebcab6218b7bf89947623f9fc12eeb6a17c5,5,100.0,100.0,1.28,0.0,0.0,0.0,100.0,0.0,14.29,0.0,0.0,0.0,5.71,0
a3280c7fc9ebe03b1be8aabec658fcda52f43e30b501a56887f72ac48065b337,5,92.67,100.0,1.74,0.0,7.33,0.0,92.67,0.0,28.57,4.44,6.51,0.0,2.22,0
17baa52e2023b59cad11509e82cdf702a06c67dfb093fc6c5b484173dd619612,5,45.0,54.0,1.64,46.0,9.0,0.0,45.0,0.0,25.0,0.0,12.5,0.0,0.0,0
d3e7ea465bff3dc805d9812236c8e52675814c4f12a51c98fd1048023879e038,5,76.0,80.0,1.32,20.0,4.0,0.0,76.0,0.0,15.71,0.0,4.0,0.0,0.0,0
c8ac9debf2c35eca437b9cb279e7e278e2c935ad508238893c5306cd45c6c153,5,12.0,16.0,1.67,84.0,0.0,4.0,12.0,0.0,10.77,4.62,0.0,0.0,0.0,1
601c5a424a3944180dd9c64f00ab5c2ae15b056f24345846cdc844f45f7ee21a,5,81.33,81.33,1.3,18.67,0.0,0.0,81.33,0.0,13.33,0.0,6.67,0.0,0.0,0
31e11e2deb3b64d433d175d7a60e59e2735c3645f4d28aadcb2ba3d52807dfe6,5,92.0,100.0,2.04,0.0,4.0,4.0,92.0,0.0,41.36,7.38,1.67,0.0,0.0,0
fbac466f00003d9fd3e73902df0f5077aa0d1fed490b122894b964fb1f02a046,5,83.67,96.0,1.38,4.0,12.33,0.0,83.67,0.0,18.57,5.71,16.07,0.0,0.0,0
b306e8e8259e7c1546355e2a3fdecbab5faa7fcfd9df8967ba6bfa788aa1e831,5,0.0,5.0,0,95.0,5.0,0.0,0.0,0.0,0.0,20.0,0.0,0.0,0.0,1
e620b8be8a9683273ce41955a3d371f6977e2e4e87a72a1c2b7d622e758872a7,5,25.33,25.33,1.5,74.67,0.0,0.0,25.33,0.0,6.67,0.0,3.33,0.0,0.0,1
156e718167249dba1bdcae107cd8d0c76739167dd13287f74041611490f1c530,5,18.67,36.67,2.0,63.33,18.0,0.0,18.67,0.0,35.0,14.0,23.0,0.0,0.0,1
73605c27a02215e6e399eaa3215959b3a4fb9724ce32288318a8d35eda92e629,5,36.67,49.0,2.0,51.0,12.33,0.0,36.67,0.0,21.94,9.45,15.0,0.0,0.0,1
267d169984804e3068151ed16b15bf15f9bb95c58247806ac09e36a8ca1bc088,5,43.33,46.67,1.09,53.33,3.33,0.0,43.33,0.0,18.33,0.0,0.0,0.0,0.0,1
4cbd5fdf02abf30c31129b8e9595d20a0e0e733ed6fc0374f2c4f85fd93f67d3,5,88.0,88.0,1.45,12.0,0.0,0.0,88.0,0.0,15.87,3.33,8.89,0.0,0.0,0
89929f93122ab4f6ce0d3b4b8a348858e57ca8f825be5fb9d8d10acbf5f2f683,5,16.67,38.0,1.0,62.0,21.33,0.0,16.67,0.0,11.67,20.0,0.0,0.0,5.0,0
f1029970e72e92b72107cbabfa6ce3db0258036159c0ac5b40bc47d38577ee37,5,85.33,85.33,1.33,14.67,0.0,0.0,85.33,0.0,15.83,2.5,0.0,0.0,0.0,0
a4a0a56208d2478404697057dccd29b410a3456cbb77209e52d262835d6e12eb,5,23.0,48.33,1.83,51.67,25.33,0.0,23.0,0.0,19.67,9.0,23.67,0.0,0.0,0
ae794a9567c25a9e743ec69227462de7dfa2af86d61a8bc3bdabe75e62de15f5,5,92.0,96.0,2.09,4.0,4.0,0.0,92.0,0.0,26.89,6.22,12.5,0.0,0.0,0
925c32c834833d3bc870e03a89969eb31a48016844cec2e14e7244212d7002ce,5,0.0,0.0,0,100.0,0.0,0.0,0.0,0.0,0.0,0.0,0.0,0.0,0.0,1
cc92d9a424d45b7f534a5dfa120e691820e0844d4b91bb33bd02f6f33df9c325,5,100.0,100.0,1.36,0.0,0.0,0.0,100.0,0.0,17.1,0.0,3.33,0.0,0.0,0
85fbe45fffa6302a4688195fbf28006e0301f5e86a9647d5c8c27ebf3177ea5e,5,96.0,96.0,1.46,4.0,0.0,0.0,96.0,0.0,20.59,2.86,0.0,2.86,0.0,0
b0bb88c31089a8ffdf9807bb81e02a7ae1fc14d6e751c0cd94d6e30c9d439555,5,0.0,4.0,0,96.0,4.0,0.0,0.0,0.0,13.33,6.67,0.0,0.0,0.0,1
05c7cbe2aa5e94aa88ee08a31771f131ed00c9156c3d0e409d33b782b7bd888d,5,34.67,45.33,1.38,54.67,10.67,0.0,34.67,0.0,35.0,0.0,5.0,0.0,0.0,0
405113f6692271342fea324f92b6551de9e0d0161157b33ddb23b14af745e450,5,91.0,100.0,1.35,0.0,9.0,0.0,91.0,0.0,17.05,5.0,0.0,0.0,2.86,0
7d75ab47a649f3e51bf330659fdc1e0804241fba8ad6e61acbf9b70411be2948,5,33.33,53.33,2.25,46.67,20.0,0.0,33.33,0.0,25.43,17.14,0.0,0.0,2.0,0
4b4c712272fdfd4bb1669e3304a566a3a155c569072a285d37c2226f6200e373,6,93.33,93.33,1.04,6.67,0.0,0.0,93.33,0.0,0.0,0.0,2.78,0.0,0.0,0
c5fc337975b5f2e8ed9bbc54f3044d910dd9dc99c7e60b407c21649f75cca4db,6,80.0,80.0,1.79,20.0,0.0,0.0,80.0,0.0,22.22,2.78,6.94,0.0,0.0,0
6dd6376c0367a27ea2d5a6f8e2d0d16c883c22cd98da638c797d1ad4bcce4511,6,83.33,83.33,1.08,16.67,0.0,0.0,83.33,0.0,5.71,0.0,0.0,0.0,0.0,0
f621c0eeb35734e30f155a372de1b2dc4ab79cdf8f11598dac4e28995c31e343,6,93.33,96.67,1.07,3.33,3.33,0.0,93.33,0.0,7.14,0.0,2.78,0.0,0.0,0
58f8b6cd44b64da67ee28cd6b969117b00ec4959245040b43628ccf2ddf0bfe7,6,97.22,100.0,1.24,0.0,2.78,0.0,97.22,0.0,14.02,6.08,0.0,0.0,0.0,0
d35b896314b571340fc5c6ffacd4472bb48feb9f3d902b0334fbf1b35ae202bc,6,15.56,18.89,1.6,81.11,3.33,0.0,15.55,0.0,13.89,0.0,0.0,0.0,0.0,1
2d64763640fa149bf269b6b244fec1a4bc3e47a35f7ce92ece8c4e8bbb6a86aa,6,44.17,49.72,2.0,50.28,5.55,0.0,44.17,0.0,24.72,2.56,6.67,0.0,0.0,1
80ddee563d888929ef844b3d0fa3f0da1bd1d749bdde5602412ad05342f28924,6,50.56,61.39,1.73,38.61,10.83,0.0,50.55,0.0,24.74,0.0,10.19,1.85,8.33,1
0eb59c8f3d8d0ac24d0825e89f912ce51c8302b587b4374449637cdbcfee8bec,6,68.33,80.0,1.6,20.0,11.67,0.0,68.33,0.0,39.31,0.0,2.08,2.78,0.0,0
179505be83c5d43e613612d30dee5aef4a1baedcec2c1d65f019fd407b4544ed,6,28.33,41.67,2.25,58.33,13.33,0.0,28.33,0.0,20.56,0.0,23.89,0.0,0.0,0
91c7c1e0e3f558f0d3044317f72a844e5bc1d040bfe7786a43aae231fa565f10,6,96.67,100.0,1.31,0.0,3.33,0.0,96.67,0.0,18.47,0.0,3.33,2.78,0.0,0
e71041734a5b5c7e2fcc6de1a3e0101ababf7612f9a39fb2140fbf92df45ffad,6,51.67,51.67,1.6,48.33,0.0,0.0,51.67,0.0,15.14,2.08,2.08,0.0,0.0,0
aadff4c585348216867279fbcb858488ee0e68e5c6588ea2d19254e76412e494,6,76.67,76.67,1.65,23.33,0.0,0.0,76.67,0.0,23.63,3.33,4.76,0.0,0.0,0
e4418ee2f2727b04fdd7b3c3c81a2b5081b34d53f4ed9a05968305d6ef2e3989,6,33.06,33.05,1.3,66.94,0.0,0.0,33.05,0.0,2.78,0.0,8.33,0.0,0.0,1
17e890e8fa3aef49eaf7e14754b79d404934602ea58a17e55922965805676574,6,0.0,0.0,0,100.0,0.0,0.0,0.0,0.0,0.0,0.0,0.0,0.0,0.0,1
b113894a35e62e28fcd7bea73923b6221382f271a2f1b4b72b91fb706adce9de,6,66.67,77.78,1.42,22.22,11.11,0.0,66.67,0.0,17.17,1.52,11.11,1.52,0.0,0
16ded72dcbd9c76308c9827fe7ae562344cb75e406a4324b0974705949f778bf,6,96.67,96.67,1.62,3.33,0.0,0.0,93.33,3.33,21.84,0.0,9.44,0.0,0.0,0
0bd6c25873ac6ed984c89f17e3c53c4a975abf5ded12ccc51b38bb4f986e15e4,6,20.83,24.17,1.33,75.83,3.33,0.0,20.83,0.0,20.83,0.0,4.17,0.0,0.0,1
58b5141d17764ff9b3ef9beebe63949594ee7be06378ed510d3dda37b8843592,6,38.89,45.0,2.36,55.0,6.11,0.0,38.89,0.0,24.57,1.52,17.5,0.0,0.0,1
9af6c218c29b9ed37384972a5e23be12d9689674555b3792f9942f2d0a0011f2,6,59.72,63.89,2.5,36.11,0.0,4.17,59.72,0.0,25.4,4.65,4.86,1.39,8.33,0
7a86b77a40cf77a1529d532b0da25d60b050b49d8dbde511c746879079ce619b,6,51.11,56.67,1.73,43.33,5.55,0.0,51.11,0.0,22.62,0.0,5.56,2.38,0.0,0
1485b907fca54bdc491b2c614b87c56811d514e19168bfba7ce1e54dbfd77ffc,6,100.0,100.0,1.43,0.0,0.0,0.0,100.0,0.0,19.28,0.0,4.76,2.08,0.0,0
1198170e8bad0e672173300a23a6f09feaea6e1694262475062429c810433c47,6,0.0,7.5,0,92.5,7.5,0.0,0.0,0.0,16.67,16.67,0.0,0.0,0.0,1
12cdfdada01d38158da8a5e565b2169fdc5331e5efe6cf986185cd33126ca6d8,6,0.0,0.0,0,100.0,0.0,0.0,0.0,0.0,0.0,0.0,0.0,0.0,0.0,1
916dcb5594812e6a022365b7ec9d57586a65e50650f7debd9577da726426b15f,6,0.0,0.0,0,100.0,0.0,0.0,0.0,0.0,0.0,0.0,0.0,0.0,0.0,1
9875790761b9c2a61f36ac2e9d360b467424cd2751291906cffcf7db47b02ac4,6,100.0,100.0,1.63,0.0,0.0,0.0,100.0,0.0,13.49,5.42,5.82,0.0,0.0,0
39a95458d43dda67c44253e8b2dfebcab6218b7bf89947623f9fc12eeb6a17c5,6,100.0,100.0,1.23,0.0,0.0,0.0,100.0,0.0,11.9,0.0,0.0,0.0,4.76,0
a3280c7fc9ebe03b1be8aabec658fcda52f43e30b501a56887f72ac48065b337,6,93.89,100.0,1.61,0.0,6.11,0.0,93.89,0.0,23.81,3.7,5.42,0.0,1.85,0
17baa52e2023b59cad11509e82cdf702a06c67dfb093fc6c5b484173dd619612,6,47.5,55.0,1.64,45.0,7.5,0.0,47.5,0.0,27.5,0.0,10.42,0.0,0.0,0
d3e7ea465bff3dc805d9812236c8e52675814c4f12a51c98fd1048023879e038,6,63.33,66.67,1.32,33.33,3.33,0.0,63.33,0.0,13.1,0.0,3.33,0.0,0.0,0
c8ac9debf2c35eca437b9cb279e7e278e2c935ad508238893c5306cd45c6c153,6,10.0,13.33,1.67,86.67,0.0,3.33,10.0,0.0,8.97,3.85,0.0,0.0,0.0,1
601c5a424a3944180dd9c64f00ab5c2ae15b056f24345846cdc844f45f7ee21a,6,81.11,81.11,1.29,18.89,0.0,0.0,81.11,0.0,14.44,0.0,5.56,0.0,0.0,0
31e11e2deb3b64d433d175d7a60e59e2735c3645f4d28aadcb2ba3d52807dfe6,6,93.33,100.0,2.32,0.0,3.33,3.33,90.0,3.33,37.24,6.15,1.39,9.26,0.0,0
fbac466f00003d9fd3e73902df0f5077aa0d1fed490b122894b964fb1f02a046,6,83.06,93.33,1.44,6.67,10.28,0.0,83.05,0.0,20.24,4.76,13.39,0.0,2.38,0
b306e8e8259e7c1546355e2a3fdecbab5faa7fcfd9df8967ba6bfa788aa1e831,6,0.0,4.17,0,95.83,4.17,0.0,0.0,0.0,0.0,16.67,0.0,0.0,0.0,1
e620b8be8a9683273ce41955a3d371f6977e2e4e87a72a1c2b7d622e758872a7,6,21.11,21.11,1.5,78.89,0.0,0.0,21.11,0.0,5.56,0.0,2.78,0.0,0.0,1
156e718167249dba1bdcae107cd8d0c76739167dd13287f74041611490f1c530,6,15.56,30.55,2.0,69.44,15.0,0.0,15.55,0.0,29.17,11.67,19.17,0.0,0.0,1
73605c27a02215e6e399eaa3215959b3a4fb9724ce32288318a8d35eda92e629,6,30.56,40.83,2.0,59.17,10.28,0.0,30.55,0.0,18.28,7.88,12.5,0.0,0.0,1
267d169984804e3068151ed16b15bf15f9bb95c58247806ac09e36a8ca1bc088,6,49.44,52.22,1.07,47.78,2.78,0.0,49.45,0.0,15.28,0.0,0.0,0.0,0.0,1
4cbd5fdf02abf30c31129b8e9595d20a0e0e733ed6fc0374f2c4f85fd93f67d3,6,86.67,86.67,1.38,13.33,0.0,0.0,86.67,0.0,13.23,2.78,7.41,0.0,0.0,0
89929f93122ab4f6ce0d3b4b8a348858e57ca8f825be5fb9d8d10acbf5f2f683,6,13.89,31.67,1.0,68.33,17.78,0.0,13.89,0.0,9.72,16.67,0.0,0.0,4.17,0
f1029970e72e92b72107cbabfa6ce3db0258036159c0ac5b40bc47d38577ee37,6,84.44,84.45,1.28,15.56,0.0,0.0,84.45,0.0,13.19,2.08,0.0,0.0,0.0,0
a4a0a56208d2478404697057dccd29b410a3456cbb77209e52d262835d6e12eb,6,19.17,40.28,1.83,59.72,21.11,0.0,19.17,0.0,16.39,7.5,19.72,0.0,0.0,0
ae794a9567c25a9e743ec69227462de7dfa2af86d61a8bc3bdabe75e62de15f5,6,86.67,90.0,2.04,10.0,3.33,0.0,86.67,0.0,29.07,5.19,10.42,0.0,0.0,0
925c32c834833d3bc870e03a89969eb31a48016844cec2e14e7244212d7002ce,6,0.0,0.0,0,100.0,0.0,0.0,0.0,0.0,0.0,0.0,0.0,0.0,0.0,1
cc92d9a424d45b7f534a5dfa120e691820e0844d4b91bb33bd02f6f33df9c325,6,96.67,100.0,1.31,0.0,3.33,0.0,96.67,0.0,17.58,0.0,2.78,0.0,0.0,0
85fbe45fffa6302a4688195fbf28006e0301f5e86a9647d5c8c27ebf3177ea5e,6,96.67,96.67,1.38,3.33,0.0,0.0,96.67,0.0,17.16,2.38,0.0,2.38,0.0,0
b0bb88c31089a8ffdf9807bb81e02a7ae1fc14d6e751c0cd94d6e30c9d439555,6,0.0,3.33,0,96.67,3.33,0.0,0.0,0.0,11.11,5.56,0.0,0.0,0.0,1
05c7cbe2aa5e94aa88ee08a31771f131ed00c9156c3d0e409d33b782b7bd888d,6,35.56,44.45,1.4,55.56,8.89,0.0,35.55,0.0,34.72,0.0,4.17,0.0,0.0,0
405113f6692271342fea324f92b6551de9e0d0161157b33ddb23b14af745e450,6,89.17,100.0,1.33,0.0,10.83,0.0,89.17,0.0,16.98,4.17,0.0,2.78,2.38,0
7d75ab47a649f3e51bf330659fdc1e0804241fba8ad6e61acbf9b70411be2948,6,34.44,51.11,2.1,48.89,16.67,0.0,34.45,0.0,26.75,14.29,0.0,0.0,1.67,0
4b4c712272fdfd4bb1669e3304a566a3a155c569072a285d37c2226f6200e373,7,89.52,89.52,1.06,10.48,0.0,0.0,89.52,0.0,2.86,0.0,2.38,0.0,0.0,0
c5fc337975b5f2e8ed9bbc54f3044d910dd9dc99c7e60b407c21649f75cca4db,7,75.71,78.1,1.81,21.9,2.38,0.0,75.71,0.0,24.4,2.38,7.74,1.79,0.0,0
6dd6376c0367a27ea2d5a6f8e2d0d16c883c22cd98da638c797d1ad4bcce4511,7,85.71,85.71,1.16,14.29,0.0,0.0,85.71,0.0,6.49,0.0,0.0,0.0,0.0,0
f621c0eeb35734e30f155a372de1b2dc4ab79cdf8f11598dac4e28995c31e343,7,94.29,97.14,1.06,2.86,2.86,0.0,94.29,0.0,6.12,0.0,2.38,0.0,0.0,0
58f8b6cd44b64da67ee28cd6b969117b00ec4959245040b43628ccf2ddf0bfe7,7,95.24,100.0,1.29,0.0,4.76,0.0,95.24,0.0,16.78,5.22,0.0,1.59,0.0,0
d35b896314b571340fc5c6ffacd4472bb48feb9f3d902b0334fbf1b35ae202bc,7,13.33,16.19,1.6,83.81,2.86,0.0,13.33,0.0,11.9,0.0,0.0,0.0,0.0,1
2d64763640fa149bf269b6b244fec1a4bc3e47a35f7ce92ece8c4e8bbb6a86aa,7,37.86,42.62,2.0,57.38,4.76,0.0,37.86,0.0,21.19,2.2,5.71,0.0,0.0,1
80ddee563d888929ef844b3d0fa3f0da1bd1d749bdde5602412ad05342f28924,7,50.48,59.76,1.78,40.24,9.29,0.0,50.48,0.0,28.34,0.0,8.73,1.59,7.14,1
0eb59c8f3d8d0ac24d0825e89f912ce51c8302b587b4374449637cdbcfee8bec,7,65.71,75.71,1.61,24.29,10.0,0.0,65.71,0.0,33.69,2.86,1.79,5.24,0.0,0
179505be83c5d43e613612d30dee5aef4a1baedcec2c1d65f019fd407b4544ed,7,24.29,35.71,2.25,64.29,11.43,0.0,24.29,0.0,17.62,0.0,20.48,0.0,0.0,0
91c7c1e0e3f558f0d3044317f72a844e5bc1d040bfe7786a43aae231fa565f10,7,94.76,97.62,1.29,2.38,2.86,0.0,94.76,0.0,18.21,0.0,2.86,2.38,0.0,0
e71041734a5b5c7e2fcc6de1a3e0101ababf7612f9a39fb2140fbf92df45ffad,7,44.29,44.29,1.6,55.71,0.0,0.0,44.29,0.0,12.98,1.79,1.79,0.0,0.0,0
aadff4c585348216867279fbcb858488ee0e68e5c6588ea2d19254e76412e494,7,80.0,80.0,1.52,20.0,0.0,0.0,80.0,0.0,20.26,2.86,4.08,0.0,0.0,0
e4418ee2f2727b04fdd7b3c3c81a2b5081b34d53f4ed9a05968305d6ef2e3989,7,35.48,35.48,1.38,64.52,0.0,0.0,35.48,0.0,8.1,0.0,7.14,0.0,0.0,1
17e890e8fa3aef49eaf7e14754b79d404934602ea58a17e55922965805676574,7,0.0,0.0,0,100.0,0.0,0.0,0.0,0.0,0.0,0.0,0.0,0.0,0.0,1
b113894a35e62e28fcd7bea73923b6221382f271a2f1b4b72b91fb706adce9de,7,64.29,73.81,1.41,26.19,9.52,0.0,64.29,0.0,18.29,1.3,9.52,1.3,0.0,0
16ded72dcbd9c76308c9827fe7ae562344cb75e406a4324b0974705949f778bf,7,97.14,97.14,1.54,2.86,0.0,0.0,94.29,2.86,20.76,0.0,8.1,0.0,0.0,0
0bd6c25873ac6ed984c89f17e3c53c4a975abf5ded12ccc51b38bb4f986e15e4,7,17.86,20.71,1.33,79.29,2.86,0.0,17.86,0.0,17.86,0.0,3.57,0.0,0.0,1
58b5141d17764ff9b3ef9beebe63949594ee7be06378ed510d3dda37b8843592,7,42.86,48.1,2.0,51.9,5.24,0.0,42.86,0.0,21.06,1.3,15.0,0.0,0.0,1
9af6c218c29b9ed37384972a5e23be12d9689674555b3792f9942f2d0a0011f2,7,55.95,59.52,2.4,40.48,0.0,3.57,55.95,0.0,21.77,3.98,8.93,1.19,7.14,0
7a86b77a40cf77a1529d532b0da25d60b050b49d8dbde511c746879079ce619b,7,43.81,48.57,1.73,51.43,4.76,0.0,43.81,0.0,19.39,0.0,4.76,2.04,0.0,0
1485b907fca54bdc491b2c614b87c56811d514e19168bfba7ce1e54dbfd77ffc,7,95.24,95.24,1.44,4.76,0.0,0.0,95.24,0.0,16.53,0.0,4.08,6.55,0.0,0
1198170e8bad0e672173300a23a6f09feaea6e1694262475062429c810433c47,7,0.0,6.43,0,93.57,6.43,0.0,0.0,0.0,14.29,14.29,0.0,0.0,0.0,1
12cdfdada01d38158da8a5e565b2169fdc5331e5efe6cf986185cd33126ca6d8,7,0.0,0.0,0,100.0,0.0,0.0,0.0,0.0,0.0,0.0,0.0,0.0,0.0,1
916dcb5594812e6a022365b7ec9d57586a65e50650f7debd9577da726426b15f,7,0.0,0.0,0,100.0,0.0,0.0,0.0,0.0,0.0,0.0,0.0,0.0,0.0,1
9875790761b9c2a61f36ac2e9d360b467424cd2751291906cffcf7db47b02ac4,7,97.62,100.0,1.66,0.0,2.38,0.0,97.62,0.0,18.71,4.65,4.99,0.0,0.0,0
39a95458d43dda67c44253e8b2dfebcab6218b7bf89947623f9fc12eeb6a17c5,7,100.0,100.0,1.22,0.0,0.0,0.0,100.0,0.0,12.24,0.0,0.0,0.0,4.08,0
a3280c7fc9ebe03b1be8aabec658fcda52f43e30b501a56887f72ac48065b337,7,90.0,95.24,1.62,4.76,5.24,0.0,90.0,0.0,24.49,3.17,6.69,0.0,1.59,0
17baa52e2023b59cad11509e82cdf702a06c67dfb093fc6c5b484173dd619612,7,47.86,54.29,1.59,45.71,6.43,0.0,47.86,0.0,27.14,0.0,8.93,0.0,0.0,0
d3e7ea465bff3dc805d9812236c8e52675814c4f12a51c98fd1048023879e038,7,68.57,71.43,1.28,28.57,2.86,0.0,68.57,0.0,11.22,2.04,2.86,0.0,0.0,0
c8ac9debf2c35eca437b9cb279e7e278e2c935ad508238893c5306cd45c6c153,7,8.57,11.43,1.67,88.57,0.0,2.86,8.57,0.0,7.69,3.3,0.0,0.0,0.0,1
601c5a424a3944180dd9c64f00ab5c2ae15b056f24345846cdc844f45f7ee21a,7,76.67,76.67,1.33,23.33,0.0,0.0,76.67,0.0,12.38,2.86,4.76,2.86,0.0,0
31e11e2deb3b64d433d175d7a60e59e2735c3645f4d28aadcb2ba3d52807dfe6,7,94.29,100.0,2.12,0.0,2.86,2.86,91.43,2.86,33.96,5.27,1.19,7.94,0.0,0
fbac466f00003d9fd3e73902df0f5077aa0d1fed490b122894b964fb1f02a046,7,75.95,87.14,1.41,12.86,11.19,0.0,75.95,0.0,17.35,4.08,11.48,0.0,6.8,0
b306e8e8259e7c1546355e2a3fdecbab5faa7fcfd9df8967ba6bfa788aa1e831,7,0.0,3.57,0,96.43,3.57,0.0,0.0,0.0,0.0,14.29,0.0,0.0,0.0,1
e620b8be8a9683273ce41955a3d371f6977e2e4e87a72a1c2b7d622e758872a7,7,20.48,20.48,1.43,79.52,0.0,0.0,20.48,0.0,4.76,0.0,2.38,0.0,0.0,1
156e718167249dba1bdcae107cd8d0c76739167dd13287f74041611490f1c530,7,13.33,26.19,2.0,73.81,12.86,0.0,13.33,0.0,25.0,10.0,16.43,0.0,0.0,1
73605c27a02215e6e399eaa3215959b3a4fb9724ce32288318a8d35eda92e629,7,26.19,35.0,2.0,65.0,8.81,0.0,26.19,0.0,15.67,6.75,10.71,0.0,0.0,1
267d169984804e3068151ed16b15bf15f9bb95c58247806ac09e36a8ca1bc088,7,54.29,59.05,1.1,40.95,4.76,0.0,54.29,0.0,18.45,0.0,0.0,0.0,0.0,1
4cbd5fdf02abf30c31129b8e9595d20a0e0e733ed6fc0374f2c4f85fd93f67d3,7,86.19,86.19,1.39,13.81,0.0,0.0,86.19,0.0,15.42,2.38,6.35,0.0,0.0,0
89929f93122ab4f6ce0d3b4b8a348858e57ca8f825be5fb9d8d10acbf5f2f683,7,14.29,31.9,1.2,68.1,17.62,0.0,14.29,0.0,16.9,17.14,0.0,0.0,3.57,0
f1029970e72e92b72107cbabfa6ce3db0258036159c0ac5b40bc47d38577ee37,7,81.9,81.91,1.24,18.1,0.0,0.0,81.91,0.0,11.31,1.79,0.0,0.0,0.0,0
a4a0a56208d2478404697057dccd29b410a3456cbb77209e52d262835d6e12eb,7,16.43,36.91,1.83,63.1,20.48,0.0,16.43,0.0,14.05,20.71,16.9,0.0,0.0,0
ae794a9567c25a9e743ec69227462de7dfa2af86d61a8bc3bdabe75e62de15f5,7,83.81,86.67,2.0,13.33,2.86,0.0,83.81,0.0,31.04,4.44,8.93,0.0,0.0,0
925c32c834833d3bc870e03a89969eb31a48016844cec2e14e7244212d7002ce,7,0.0,0.0,0,100.0,0.0,0.0,0.0,0.0,0.0,0.0,0.0,0.0,0.0,1
cc92d9a424d45b7f534a5dfa120e691820e0844d4b91bb33bd02f6f33df9c325,7,87.62,95.24,1.29,4.76,7.62,0.0,87.62,0.0,17.93,0.0,2.38,5.71,0.0,0
85fbe45fffa6302a4688195fbf28006e0301f5e86a9647d5c8c27ebf3177ea5e,7,87.62,87.62,1.35,12.38,0.0,0.0,87.62,0.0,14.71,2.04,0.0,2.04,0.0,0
b0bb88c31089a8ffdf9807bb81e02a7ae1fc14d6e751c0cd94d6e30c9d439555,7,0.0,2.86,0,97.14,2.86,0.0,0.0,0.0,9.52,4.76,0.0,0.0,0.0,1
05c7cbe2aa5e94aa88ee08a31771f131ed00c9156c3d0e409d33b782b7bd888d,7,32.86,40.48,1.36,59.52,7.62,0.0,32.86,0.0,29.76,0.0,3.57,0.0,0.0,0
405113f6692271342fea324f92b6551de9e0d0161157b33ddb23b14af745e450,7,78.81,90.48,1.32,9.52,11.67,0.0,78.81,0.0,21.7,3.57,0.0,2.38,2.04,0
7d75ab47a649f3e51bf330659fdc1e0804241fba8ad6e61acbf9b70411be2948,7,31.9,46.19,2.0,53.81,14.29,0.0,31.91,0.0,22.93,12.24,0.0,0.0,1.43,0
4b4c712272fdfd4bb1669e3304a566a3a155c569072a285d37c2226f6200e373,8,80.42,82.5,1.06,17.5,2.08,0.0,80.42,0.0,8.75,0.0,2.08,0.0,0.0,0
c5fc337975b5f2e8ed9bbc54f3044d910dd9dc99c7e60b407c21649f75cca4db,8,70.42,76.67,1.79,23.33,6.25,0.0,70.42,0.0,27.6,2.08,6.77,4.69,0.0,0
6dd6376c0367a27ea2d5a6f8e2d0d16c883c22cd98da638c797d1ad4bcce4511,8,85.42,85.42,1.14,14.58,0.0,0.0,85.42,0.0,5.67,0.0,0.0,0.0,0.0,0
f621c0eeb35734e30f155a372de1b2dc4ab79cdf8f11598dac4e28995c31e343,8,88.75,95.42,1.05,4.58,6.67,0.0,88.75,0.0,10.36,0.0,2.08,0.0,0.0,0
58f8b6cd44b64da67ee28cd6b969117b00ec4959245040b43628ccf2ddf0bfe7,8,93.75,97.92,1.36,2.08,4.17,0.0,93.75,0.0,20.24,4.56,0.0,1.39,0.0,0
d35b896314b571340fc5c6ffacd4472bb48feb9f3d902b0334fbf1b35ae202bc,8,11.67,14.17,1.6,85.83,2.5,0.0,11.67,0.0,10.42,0.0,0.0,0.0,0.0,1
2d64763640fa149bf269b6b244fec1a4bc3e47a35f7ce92ece8c4e8bbb6a86aa,8,33.12,37.29,2.0,62.71,4.17,0.0,33.12,0.0,18.54,1.92,5.0,0.0,0.0,1
80ddee563d888929ef844b3d0fa3f0da1bd1d749bdde5602412ad05342f28924,8,44.17,52.29,1.78,47.71,8.12,0.0,44.17,0.0,24.8,0.0,7.64,1.39,6.25,1
0eb59c8f3d8d0ac24d0825e89f912ce51c8302b587b4374449637cdbcfee8bec,8,59.58,68.33,1.58,31.67,8.75,0.0,59.58,0.0,29.48,2.5,1.56,4.58,0.0,0
179505be83c5d43e613612d30dee5aef4a1baedcec2c1d65f019fd407b4544ed,8,21.25,31.25,2.25,68.75,10.0,0.0,21.25,0.0,15.42,0.0,17.92,0.0,0.0,0
91c7c1e0e3f558f0d3044317f72a844e5bc1d040bfe7786a43aae231fa565f10,8,91.25,93.75,1.37,6.25,2.5,0.0,91.25,0.0,20.62,0.0,2.5,2.08,0.0,0
e71041734a5b5c7e2fcc6de1a3e0101ababf7612f9a39fb2140fbf92df45ffad,8,40.83,40.83,1.56,59.17,0.0,0.0,40.83,0.0,11.35,1.56,1.56,0.0,0.0,0
aadff4c585348216867279fbcb858488ee0e68e5c6588ea2d19254e76412e494,8,74.17,76.25,1.52,23.75,2.08,0.0,74.17,0.0,20.85,2.5,3.57,0.0,0.0,0
e4418ee2f2727b04fdd7b3c3c81a2b5081b34d53f4ed9a05968305d6ef2e3989,8,31.04,31.04,1.38,68.96,0.0,0.0,31.04,0.0,7.08,0.0,6.25,0.0,0.0,1
17e890e8fa3aef49eaf7e14754b79d404934602ea58a17e55922965805676574,8,0.0,0.0,0,100.0,0.0,0.0,0.0,0.0,0.0,0.0,0.0,0.0,0.0,1
b113894a35e62e28fcd7bea73923b6221382f271a2f1b4b72b91fb706adce9de,8,58.33,66.67,1.39,33.33,8.33,0.0,58.33,0.0,16.0,1.14,8.33,1.14,0.0,0
16ded72dcbd9c76308c9827fe7ae562344cb75e406a4324b0974705949f778bf,8,93.33,97.5,1.49,2.5,4.17,0.0,90.83,2.5,22.86,0.0,7.08,1.56,0.0,0
0bd6c25873ac6ed984c89f17e3c53c4a975abf5ded12ccc51b38bb4f986e15e4,8,15.62,18.12,1.33,81.88,2.5,0.0,15.62,0.0,15.62,0.0,3.12,0.0,0.0,1
58b5141d17764ff9b3ef9beebe63949594ee7be06378ed510d3dda37b8843592,8,37.5,42.08,2.0,57.92,4.58,0.0,37.5,0.0,18.43,1.14,13.12,0.0,0.0,1
9af6c218c29b9ed37384972a5e23be12d9689674555b3792f9942f2d0a0011f2,8,53.12,58.33,2.36,41.67,2.08,3.12,53.12,0.0,25.3,3.49,7.81,1.04,6.25,0
7a86b77a40cf77a1529d532b0da25d60b050b49d8dbde511c746879079ce619b,8,38.33,42.5,1.73,57.5,4.17,0.0,38.33,0.0,16.96,0.0,4.17,1.79,0.0,0
1485b907fca54bdc491b2c614b87c56811d514e19168bfba7ce1e54dbfd77ffc,8,91.67,91.67,1.39,8.33,0.0,0.0,91.67,0.0,14.46,0.0,3.57,5.73,0.0,0
1198170e8bad0e672173300a23a6f09feaea6e1694262475062429c810433c47,8,0.0,5.62,0,94.38,5.62,0.0,0.0,0.0,12.5,12.5,0.0,0.0,0.0,1
12cdfdada01d38158da8a5e565b2169fdc5331e5efe6cf986185cd33126ca6d8,8,0.0,0.0,0,100.0,0.0,0.0,0.0,0.0,0.0,0.0,0.0,0.0,0.0,1
916dcb5594812e6a022365b7ec9d57586a65e50650f7debd9577da726426b15f,8,0.0,0.0,0,100.0,0.0,0.0,0.0,0.0,0.0,0.0,0.0,0.0,0.0,1
9875790761b9c2a61f36ac2e9d360b467424cd2751291906cffcf7db47b02ac4,8,97.92,100.0,1.66,0.0,2.08,0.0,97.92,0.0,17.62,6.57,5.62,0.0,0.0,0
39a95458d43dda67c44253e8b2dfebcab6218b7bf89947623f9fc12eeb6a17c5,8,100.0,100.0,1.19,0.0,0.0,0.0,100.0,0.0,10.71,0.0,0.0,0.0,3.57,0
a3280c7fc9ebe03b1be8aabec658fcda52f43e30b501a56887f72ac48065b337,8,85.0,91.67,1.6,8.33,6.67,0.0,85.0,0.0,28.57,2.78,5.85,0.0,1.39,0
17baa52e2023b59cad11509e82cdf702a06c67dfb093fc6c5b484173dd619612,8,41.88,47.5,1.59,52.5,5.62,0.0,41.88,0.0,23.75,0.0,7.81,0.0,0.0,0
d3e7ea465bff3dc805d9812236c8e52675814c4f12a51c98fd1048023879e038,8,60.0,66.67,1.28,33.33,6.67,0.0,60.0,0.0,13.99,1.79,2.5,0.0,0.0,0
c8ac9debf2c35eca437b9cb279e7e278e2c935ad508238893c5306cd45c6c153,8,7.5,10.0,1.67,90.0,0.0,2.5,7.5,0.0,6.73,2.88,0.0,0.0,0.0,1
601c5a424a3944180dd9c64f00ab5c2ae15b056f24345846cdc844f45f7ee21a,8,73.33,73.33,1.3,26.67,0.0,0.0,73.33,0.0,10.83,2.5,4.17,2.5,0.0,0
31e11e2deb3b64d433d175d7a60e59e2735c3645f4d28aadcb2ba3d52807dfe6,8,90.83,97.92,2.03,2.08,4.58,2.5,88.33,2.5,31.11,4.61,1.04,12.5,0.0,0
fbac466f00003d9fd3e73902df0f5077aa0d1fed490b122894b964fb1f02a046,8,68.54,82.5,1.43,17.5,13.96,0.0,68.54,0.0,21.43,3.57,10.04,0.0,5.95,0
b306e8e8259e7c1546355e2a3fdecbab5faa7fcfd9df8967ba6bfa788aa1e831,8,0.0,3.12,0,96.88,3.12,0.0,0.0,0.0,0.0,12.5,0.0,0.0,0.0,1
e620b8be8a9683273ce41955a3d371f6977e2e4e87a72a1c2b7d622e758872a7,8,17.92,17.92,1.43,82.08,0.0,0.0,17.92,0.0,4.17,0.0,2.08,0.0,0.0,1
156e718167249dba1bdcae107cd8d0c76739167dd13287f74041611490f1c530,8,11.67,22.92,2.0,77.08,11.25,0.0,11.67,0.0,21.88,8.75,14.38,0.0,0.0,1
73605c27a02215e6e399eaa3215959b3a4fb9724ce32288318a8d35eda92e629,8,22.92,30.62,2.0,69.38,7.71,0.0,22.92,0.0,13.71,5.91,9.38,0.0,0.0,1
267d169984804e3068151ed16b15bf15f9bb95c58247806ac09e36a8ca1bc088,8,55.83,60.0,1.12,40.0,4.17,0.0,55.83,0.0,18.65,0.0,0.0,0.0,0.0,1
4cbd5fdf02abf30c31129b8e9595d20a0e0e733ed6fc0374f2c4f85fd93f67d3,8,83.75,83.75,1.43,16.25,0.0,0.0,83.75,0.0,18.85,2.08,5.56,0.0,0.0,0
89929f93122ab4f6ce0d3b4b8a348858e57ca8f825be5fb9d8d10acbf5f2f683,8,14.58,30.0,1.17,70.0,15.42,0.0,14.58,0.0,14.79,15.0,0.0,0.0,3.12,0
f1029970e72e92b72107cbabfa6ce3db0258036159c0ac5b40bc47d38577ee37,8,82.08,82.08,1.24,17.92,0.0,0.0,82.08,0.0,11.98,1.56,0.0,0.0,0.0,0
a4a0a56208d2478404697057dccd29b410a3456cbb77209e52d262835d6e12eb,8,14.37,32.29,1.83,67.71,17.92,0.0,14.38,0.0,12.29,18.12,14.79,0.0,0.0,0
ae794a9567c25a9e743ec69227462de7dfa2af86d61a8bc3bdabe75e62de15f5,8,79.58,84.17,1.94,15.83,4.58,0.0,79.58,0.0,32.16,3.89,7.81,0.0,0.0,0
925c32c834833d3bc870e03a89969eb31a48016844cec2e14e7244212d7002ce,8,0.0,0.0,0,100.0,0.0,0.0,0.0,0.0,0.0,0.0,0.0,0.0,0.0,1
cc92d9a424d45b7f534a5dfa120e691820e0844d4b91bb33bd02f6f33df9c325,8,82.92,89.58,1.26,10.42,6.67,0.0,82.92,0.0,15.69,0.0,2.08,5.0,0.0,0
85fbe45fffa6302a4688195fbf28006e0301f5e86a9647d5c8c27ebf3177ea5e,8,82.92,82.92,1.38,17.08,0.0,0.0,82.92,0.0,15.37,1.79,2.5,1.79,0.0,0
b0bb88c31089a8ffdf9807bb81e02a7ae1fc14d6e751c0cd94d6e30c9d439555,8,0.0,2.5,0,97.5,2.5,0.0,0.0,0.0,8.33,4.17,0.0,0.0,0.0,1
05c7cbe2aa5e94aa88ee08a31771f131ed00c9156c3d0e409d33b782b7bd888d,8,28.75,37.5,1.36,62.5,8.75,0.0,28.75,0.0,38.54,0.0,3.12,0.0,0.0,0
405113f6692271342fea324f92b6551de9e0d0161157b33ddb23b14af745e450,8,75.21,85.42,1.29,14.58,10.21,0.0,75.21,0.0,18.99,3.12,0.0,2.08,1.79,0
7d75ab47a649f3e51bf330659fdc1e0804241fba8ad6e61acbf9b70411be2948,8,27.92,40.42,2.0,59.58,12.5,0.0,27.92,0.0,20.06,10.71,0.0,0.0,1.25,0
4b4c712272fdfd4bb1669e3304a566a3a155c569072a285d37c2226f6200e373,9,82.59,84.44,1.05,15.56,1.85,0.0,82.59,0.0,7.78,0.0,1.85,0.0,0.0,0
c5fc337975b5f2e8ed9bbc54f3044d910dd9dc99c7e60b407c21649f75cca4db,9,70.93,76.48,1.75,23.52,5.56,0.0,70.93,0.0,27.31,1.85,6.02,4.17,0.0,0
6dd6376c0367a27ea2d5a6f8e2d0d16c883c22cd98da638c797d1ad4bcce4511,9,87.04,87.04,1.12,12.96,0.0,0.0,87.04,0.0,5.04,0.0,0.0,0.0,0.0,0
f621c0eeb35734e30f155a372de1b2dc4ab79cdf8f11598dac4e28995c31e343,9,90.0,95.93,1.07,4.07,5.93,0.0,90.0,0.0,11.43,0.0,1.85,0.0,0.0,0
58f8b6cd44b64da67ee28cd6b969117b00ec4959245040b43628ccf2ddf0bfe7,9,94.44,98.15,1.35,1.85,3.7,0.0,94.44,0.0,20.21,4.06,0.0,1.23,0.0,0
d35b896314b571340fc5c6ffacd4472bb48feb9f3d902b0334fbf1b35ae202bc,9,10.37,12.59,1.6,87.41,2.22,0.0,10.37,0.0,9.26,0.0,0.0,0.0,0.0,1
2d64763640fa149bf269b6b244fec1a4bc3e47a35f7ce92ece8c4e8bbb6a86aa,9,37.78,41.48,1.81,58.52,3.7,0.0,37.78,0.0,16.48,1.71,4.44,0.0,0.0,1
80ddee563d888929ef844b3d0fa3f0da1bd1d749bdde5602412ad05342f28924,9,42.04,52.04,1.74,47.96,10.0,0.0,42.04,0.0,27.6,0.0,6.79,1.23,5.56,1
0eb59c8f3d8d0ac24d0825e89f912ce51c8302b587b4374449637cdbcfee8bec,9,64.07,71.85,1.5,28.15,7.78,0.0,64.07,0.0,26.2,2.22,1.39,4.07,0.0,0
179505be83c5d43e613612d30dee5aef4a1baedcec2c1d65f019fd407b4544ed,9,18.89,27.78,2.25,72.22,8.89,0.0,18.89,0.0,13.7,0.0,15.93,0.0,0.0,0
91c7c1e0e3f558f0d3044317f72a844e5bc1d040bfe7786a43aae231fa565f10,9,92.22,94.44,1.33,5.56,2.22,0.0,92.22,0.0,18.33,0.0,2.22,1.85,0.0,0
e71041734a5b5c7e2fcc6de1a3e0101ababf7612f9a39fb2140fbf92df45ffad,9,47.41,47.41,1.6,52.59,0.0,0.0,47.41,0.0,14.85,1.39,1.39,0.0,0.0,0
aadff4c585348216867279fbcb858488ee0e68e5c6588ea2d19254e76412e494,9,77.04,78.89,1.49,21.11,1.85,0.0,77.04,0.0,18.53,4.44,3.17,0.0,0.0,0
e4418ee2f2727b04fdd7b3c3c81a2b5081b34d53f4ed9a05968305d6ef2e3989,9,33.15,33.15,1.33,66.85,0.0,0.0,33.15,0.0,6.3,0.0,5.56,0.0,0.0,1
17e890e8fa3aef49eaf7e14754b79d404934602ea58a17e55922965805676574,9,0.0,0.0,0,100.0,0.0,0.0,0.0,0.0,0.0,0.0,0.0,0.0,0.0,1
b113894a35e62e28fcd7bea73923b6221382f271a2f1b4b72b91fb706adce9de,9,62.96,70.37,1.33,29.63,7.41,0.0,62.96,0.0,14.23,1.01,7.41,1.01,0.0,0
16ded72dcbd9c76308c9827fe7ae562344cb75e406a4324b0974705949f778bf,9,94.07,97.78,1.47,2.22,3.7,0.0,91.85,2.22,22.54,0.0,6.3,1.39,0.0,0
0bd6c25873ac6ed984c89f17e3c53c4a975abf5ded12ccc51b38bb4f986e15e4,9,13.89,16.11,1.33,83.89,2.22,0.0,13.89,0.0,13.89,0.0,2.78,0.0,0.0,1
58b5141d17764ff9b3ef9beebe63949594ee7be06378ed510d3dda37b8843592,9,33.33,37.41,2.0,62.59,4.07,0.0,33.33,0.0,16.38,1.01,11.67,0.0,0.0,1
9af6c218c29b9ed37384972a5e23be12d9689674555b3792f9942f2d0a0011f2,9,52.78,60.18,2.38,39.81,4.63,2.78,52.78,0.0,24.34,4.95,6.94,0.93,9.26,0
7a86b77a40cf77a1529d532b0da25d60b050b49d8dbde511c746879079ce619b,9,45.19,48.89,1.68,51.11,3.7,0.0,45.19,0.0,16.93,0.0,3.7,3.44,0.0,0
1485b907fca54bdc491b2c614b87c56811d514e19168bfba7ce1e54dbfd77ffc,9,92.59,92.59,1.38,7.41,0.0,0.0,92.59,0.0,12.85,0.0,5.4,5.09,0.0,0
1198170e8bad0e672173300a23a6f09feaea6e1694262475062429c810433c47,9,0.0,7.78,0,92.22,7.78,0.0,0.0,0.0,22.22,11.11,0.0,0.0,0.0,1
12cdfdada01d38158da8a5e565b2169fdc5331e5efe6cf986185cd33126ca6d8,9,0.0,0.0,0,100.0,0.0,0.0,0.0,0.0,0.0,0.0,0.0,0.0,0.0,1
916dcb5594812e6a022365b7ec9d57586a65e50650f7debd9577da726426b15f,9,0.0,0.0,0,100.0,0.0,0.0,0.0,0.0,0.0,0.0,0.0,0.0,0.0,1
9875790761b9c2a61f36ac2e9d360b467424cd2751291906cffcf7db47b02ac4,9,98.15,100.0,1.64,0.0,1.85,0.0,98.15,0.0,19.37,5.84,4.99,0.0,0.0,0
39a95458d43dda67c44253e8b2dfebcab6218b7bf89947623f9fc12eeb6a17c5,9,100.0,100.0,1.17,0.0,0.0,0.0,100.0,0.0,9.52,0.0,0.0,0.0,3.17,0
a3280c7fc9ebe03b1be8aabec658fcda52f43e30b501a56887f72ac48065b337,9,86.67,92.59,1.54,7.41,5.93,0.0,86.67,0.0,25.4,2.47,5.2,0.0,1.23,0
17baa52e2023b59cad11509e82cdf702a06c67dfb093fc6c5b484173dd619612,9,37.22,42.22,1.59,57.78,5.0,0.0,37.22,0.0,21.11,0.0,6.94,0.0,0.0,0
d3e7ea465bff3dc805d9812236c8e52675814c4f12a51c98fd1048023879e038,9,64.44,70.37,1.28,29.63,5.93,0.0,64.44,0.0,14.66,1.59,2.22,0.0,0.0,0
c8ac9debf2c35eca437b9cb279e7e278e2c935ad508238893c5306cd45c6c153,9,6.67,8.89,1.67,91.11,0.0,2.22,6.67,0.0,5.98,2.56,0.0,0.0,0.0,1
601c5a424a3944180dd9c64f00ab5c2ae15b056f24345846cdc844f45f7ee21a,9,76.3,76.3,1.26,23.7,0.0,0.0,76.3,0.0,9.63,2.22,3.7,2.22,0.0,0
31e11e2deb3b64d433d175d7a60e59e2735c3645f4d28aadcb2ba3d52807dfe6,9,91.85,98.15,2.29,1.85,4.07,2.22,86.85,5.0,29.4,4.1,0.93,18.13,0.0,0
fbac466f00003d9fd3e73902df0f5077aa0d1fed490b122894b964fb1f02a046,9,66.48,81.67,1.4,18.33,15.19,0.0,66.48,0.0,25.71,3.17,8.93,0.0,5.29,0
b306e8e8259e7c1546355e2a3fdecbab5faa7fcfd9df8967ba6bfa788aa1e831,9,0.0,2.78,0,97.22,2.78,0.0,0.0,0.0,0.0,11.11,0.0,0.0,0.0,1
e620b8be8a9683273ce41955a3d371f6977e2e4e87a72a1c2b7d622e758872a7,9,15.93,15.93,1.43,84.07,0.0,0.0,15.93,0.0,3.7,0.0,1.85,0.0,0.0,1
156e718167249dba1bdcae107cd8d0c76739167dd13287f74041611490f1c530,9,10.37,23.15,2.0,76.85,12.78,0.0,10.37,0.0,30.56,7.78,12.78,0.0,0.0,1
73605c27a02215e6e399eaa3215959b3a4fb9724ce32288318a8d35eda92e629,9,20.37,32.78,2.0,67.22,12.41,0.0,20.37,0.0,23.3,5.25,8.33,0.0,0.0,1
267d169984804e3068151ed16b15bf15f9bb95c58247806ac09e36a8ca1bc088,9,60.74,64.44,1.11,35.56,3.7,0.0,60.74,0.0,16.57,0.0,0.0,0.0,0.0,1
4cbd5fdf02abf30c31129b8e9595d20a0e0e733ed6fc0374f2c4f85fd93f67d3,9,85.56,85.56,1.41,14.44,0.0,0.0,85.56,0.0,16.75,1.85,7.16,0.0,0.0,0
89929f93122ab4f6ce0d3b4b8a348858e57ca8f825be5fb9d8d10acbf5f2f683,9,12.96,26.67,1.17,73.33,13.7,0.0,12.96,0.0,13.15,13.33,0.0,0.0,2.78,0
f1029970e72e92b72107cbabfa6ce3db0258036159c0ac5b40bc47d38577ee37,9,84.07,84.07,1.21,15.93,0.0,0.0,84.07,0.0,10.65,1.39,0.0,0.0,0.0,0
a4a0a56208d2478404697057dccd29b410a3456cbb77209e52d262835d6e12eb,9,12.78,28.7,1.83,71.3,15.93,0.0,12.78,0.0,10.93,16.11,13.15,0.0,0.0,0
ae794a9567c25a9e743ec69227462de7dfa2af86d61a8bc3bdabe75e62de15f5,9,81.85,85.93,1.86,14.07,4.07,0.0,81.85,0.0,30.81,3.46,6.94,0.0,0.0,0
925c32c834833d3bc870e03a89969eb31a48016844cec2e14e7244212d7002ce,9,0.0,0.0,0,100.0,0.0,0.0,0.0,0.0,0.0,0.0,0.0,0.0,0.0,1
cc92d9a424d45b7f534a5dfa120e691820e0844d4b91bb33bd02f6f33df9c325,9,73.7,79.63,1.26,20.37,5.93,0.0,73.7,0.0,13.94,0.0,1.85,4.44,0.0,0
85fbe45fffa6302a4688195fbf28006e0301f5e86a9647d5c8c27ebf3177ea5e,9,82.04,84.81,1.35,15.19,2.78,0.0,82.04,0.0,13.66,4.37,2.22,1.59,0.0,0
b0bb88c31089a8ffdf9807bb81e02a7ae1fc14d6e751c0cd94d6e30c9d439555,9,0.0,2.22,0,97.78,2.22,0.0,0.0,0.0,7.41,3.7,0.0,0.0,0.0,1
05c7cbe2aa5e94aa88ee08a31771f131ed00c9156c3d0e409d33b782b7bd888d,9,33.89,44.45,1.64,55.56,10.56,0.0,33.89,0.0,42.04,0.0,2.78,0.0,0.0,0
405113f6692271342fea324f92b6551de9e0d0161157b33ddb23b14af745e450,9,77.96,87.04,1.26,12.96,9.07,0.0,77.96,0.0,16.88,2.78,0.0,1.85,1.59,0
7d75ab47a649f3e51bf330659fdc1e0804241fba8ad6e61acbf9b70411be2948,9,33.15,47.04,1.79,52.96,13.89,0.0,33.15,0.0,22.28,9.52,0.0,0.0,1.11,0
4b4c712272fdfd4bb1669e3304a566a3a155c569072a285d37c2226f6200e373,10,76.33,82.0,1.05,18.0,5.67,0.0,76.33,0.0,14.5,0.0,1.67,0.0,0.0,0
c5fc337975b5f2e8ed9bbc54f3044d910dd9dc99c7e60b407c21649f75cca4db,10,63.83,74.83,1.75,25.17,11.0,0.0,63.83,0.0,24.58,11.67,5.42,3.75,0.0,0
6dd6376c0367a27ea2d5a6f8e2d0d16c883c22cd98da638c797d1ad4bcce4511,10,88.33,88.33,1.11,11.67,0.0,0.0,88.33,0.0,4.54,0.0,0.0,0.0,0.0,0
f621c0eeb35734e30f155a372de1b2dc4ab79cdf8f11598dac4e28995c31e343,10,81.0,90.33,1.07,9.67,9.33,0.0,81.0,0.0,20.29,0.0,1.67,0.0,0.0,0
58f8b6cd44b64da67ee28cd6b969117b00ec4959245040b43628ccf2ddf0bfe7,10,93.0,96.33,1.34,3.67,3.33,0.0,93.0,0.0,20.19,3.65,0.0,1.11,0.0,0
d35b896314b571340fc5c6ffacd4472bb48feb9f3d902b0334fbf1b35ae202bc,10,9.33,11.33,1.6,88.67,2.0,0.0,9.33,0.0,8.33,0.0,0.0,0.0,0.0,1
2d64763640fa149bf269b6b244fec1a4bc3e47a35f7ce92ece8c4e8bbb6a86aa,10,34.0,37.33,1.81,62.67,3.33,0.0,34.0,0.0,14.83,1.54,4.0,0.0,0.0,1
80ddee563d888929ef844b3d0fa3f0da1bd1d749bdde5602412ad05342f28924,10,37.83,46.83,1.74,53.17,9.0,0.0,37.83,0.0,24.84,0.0,6.11,1.11,5.0,1
0eb59c8f3d8d0ac24d0825e89f912ce51c8302b587b4374449637cdbcfee8bec,10,59.67,66.67,1.48,33.33,7.0,0.0,59.67,0.0,23.58,2.0,1.25,3.67,0.0,0
179505be83c5d43e613612d30dee5aef4a1baedcec2c1d65f019fd407b4544ed,10,17.0,25.0,2.25,75.0,8.0,0.0,17.0,0.0,12.33,0.0,14.33,0.0,0.0,0
91c7c1e0e3f558f0d3044317f72a844e5bc1d040bfe7786a43aae231fa565f10,10,89.0,91.0,1.33,9.0,2.0,0.0,89.0,0.0,19.0,0.0,2.0,1.67,0.0,0
e71041734a5b5c7e2fcc6de1a3e0101ababf7612f9a39fb2140fbf92df45ffad,10,44.67,44.67,1.67,55.33,0.0,0.0,44.67,0.0,20.04,1.25,1.25,0.0,0.0,0
aadff4c585348216867279fbcb858488ee0e68e5c6588ea2d19254e76412e494,10,69.33,71.0,1.49,29.0,1.67,0.0,69.33,0.0,16.68,4.0,2.86,0.0,0.0,0
e4418ee2f2727b04fdd7b3c3c81a2b5081b34d53f4ed9a05968305d6ef2e3989,10,29.83,29.83,1.33,70.17,0.0,0.0,29.83,0.0,5.67,0.0,5.0,0.0,0.0,1
17e890e8fa3aef49eaf7e14754b79d404934602ea58a17e55922965805676574,10,0.0,0.0,0,100.0,0.0,0.0,0.0,0.0,0.0,0.0,0.0,0.0,0.0,1
b113894a35e62e28fcd7bea73923b6221382f271a2f1b4b72b91fb706adce9de,10,56.67,63.33,1.33,36.67,6.67,0.0,56.67,0.0,12.8,0.91,6.67,0.91,0.0,0
16ded72dcbd9c76308c9827fe7ae562344cb75e406a4324b0974705949f778bf,10,90.67,98.0,1.48,2.0,7.33,0.0,88.67,2.0,27.28,0.0,5.67,1.25,0.0,0
0bd6c25873ac6ed984c89f17e3c53c4a975abf5ded12ccc51b38bb4f986e15e4,10,12.5,14.5,1.33,85.5,2.0,0.0,12.5,0.0,12.5,0.0,2.5,0.0,0.0,1
58b5141d17764ff9b3ef9beebe63949594ee7be06378ed510d3dda37b8843592,10,32.0,35.67,2.0,64.33,3.67,0.0,32.0,0.0,14.74,5.91,10.5,0.0,0.0,1
9af6c218c29b9ed37384972a5e23be12d9689674555b3792f9942f2d0a0011f2,10,47.5,54.17,2.38,45.83,4.17,2.5,47.5,0.0,21.91,4.46,6.25,0.83,8.33,0
7a86b77a40cf77a1529d532b0da25d60b050b49d8dbde511c746879079ce619b,10,40.67,44.0,1.68,56.0,3.33,0.0,40.67,0.0,15.24,0.0,3.33,3.1,0.0,0
1485b907fca54bdc491b2c614b87c56811d514e19168bfba7ce1e54dbfd77ffc,10,91.33,91.33,1.37,8.67,0.0,0.0,91.33,0.0,13.57,0.0,4.86,4.58,0.0,0
1198170e8bad0e672173300a23a6f09feaea6e1694262475062429c810433c47,10,0.0,7.0,0,93.0,7.0,0.0,0.0,0.0,20.0,10.0,0.0,0.0,0.0,1
12cdfdada01d38158da8a5e565b2169fdc5331e5efe6cf986185cd33126ca6d8,10,0.0,0.0,0,100.0,0.0,0.0,0.0,0.0,0.0,0.0,0.0,0.0,0.0,1
916dcb5594812e6a022365b7ec9d57586a65e50650f7debd9577da726426b15f,10,0.0,0.0,0,100.0,0.0,0.0,0.0,0.0,0.0,0.0,0.0,0.0,0.0,1
9875790761b9c2a61f36ac2e9d360b467424cd2751291906cffcf7db47b02ac4,10,98.33,100.0,1.6,0.0,1.67,0.0,98.33,0.0,19.1,5.25,4.49,0.0,0.0,0
39a95458d43dda67c44253e8b2dfebcab6218b7bf89947623f9fc12eeb6a17c5,10,100.0,100.0,1.25,0.0,0.0,0.0,100.0,0.0,13.57,0.0,0.0,0.0,2.86,0
a3280c7fc9ebe03b1be8aabec658fcda52f43e30b501a56887f72ac48065b337,10,86.0,93.33,1.63,6.67,7.33,0.0,86.0,0.0,29.22,2.22,4.68,0.0,1.11,0
17baa52e2023b59cad11509e82cdf702a06c67dfb093fc6c5b484173dd619612,10,33.5,38.0,1.59,62.0,4.5,0.0,33.5,0.0,19.0,0.0,6.25,0.0,0.0,0
d3e7ea465bff3dc805d9812236c8e52675814c4f12a51c98fd1048023879e038,10,58.0,63.33,1.28,36.67,5.33,0.0,58.0,0.0,13.19,1.43,2.0,0.0,0.0,0
c8ac9debf2c35eca437b9cb279e7e278e2c935ad508238893c5306cd45c6c153,10,6.0,8.0,1.67,92.0,0.0,2.0,6.0,0.0,5.38,2.31,0.0,0.0,0.0,1
601c5a424a3944180dd9c64f00ab5c2ae15b056f24345846cdc844f45f7ee21a,10,72.67,72.67,1.25,27.33,0.0,0.0,72.67,0.0,8.67,2.0,3.33,2.0,0.0,0
31e11e2deb3b64d433d175d7a60e59e2735c3645f4d28aadcb2ba3d52807dfe6,10,90.67,96.33,2.26,3.67,3.67,2.0,86.17,4.5,28.96,6.19,0.83,16.32,0.0,0
fbac466f00003d9fd3e73902df0f5077aa0d1fed490b122894b964fb1f02a046,10,65.83,79.5,1.36,20.5,13.67,0.0,65.83,0.0,23.14,2.86,8.04,0.0,4.76,0
b306e8e8259e7c1546355e2a3fdecbab5faa7fcfd9df8967ba6bfa788aa1e831,10,0.0,2.5,0,97.5,2.5,0.0,0.0,0.0,0.0,10.0,0.0,0.0,0.0,1
e620b8be8a9683273ce41955a3d371f6977e2e4e87a72a1c2b7d622e758872a7,10,14.33,14.33,1.43,85.67,0.0,0.0,14.33,0.0,3.33,0.0,1.67,0.0,0.0,1
156e718167249dba1bdcae107cd8d0c76739167dd13287f74041611490f1c530,10,9.33,20.83,2.0,79.17,11.5,0.0,9.33,0.0,27.5,7.0,11.5,0.0,0.0,1
73605c27a02215e6e399eaa3215959b3a4fb9724ce32288318a8d35eda92e629,10,20.33,31.5,2.1,68.5,11.17,0.0,20.33,0.0,27.64,4.73,7.5,0.0,0.0,1
267d169984804e3068151ed16b15bf15f9bb95c58247806ac09e36a8ca1bc088,10,60.67,64.0,1.19,36.0,3.33,0.0,60.67,0.0,19.92,0.0,0.0,0.0,0.0,1
4cbd5fdf02abf30c31129b8e9595d20a0e0e733ed6fc0374f2c4f85fd93f67d3,10,87.0,87.0,1.43,13.0,0.0,0.0,87.0,0.0,18.83,1.67,6.44,0.0,0.0,0
89929f93122ab4f6ce0d3b4b8a348858e57ca8f825be5fb9d8d10acbf5f2f683,10,11.67,24.0,1.17,76.0,12.33,0.0,11.67,0.0,11.83,12.0,0.0,0.0,2.5,0
f1029970e72e92b72107cbabfa6ce3db0258036159c0ac5b40bc47d38577ee37,10,83.67,83.67,1.29,16.33,0.0,0.0,83.67,0.0,14.58,1.25,0.0,0.0,0.0,0
a4a0a56208d2478404697057dccd29b410a3456cbb77209e52d262835d6e12eb,10,11.5,25.83,1.83,74.17,14.33,0.0,11.5,0.0,9.83,14.5,11.83,0.0,0.0,0
ae794a9567c25a9e743ec69227462de7dfa2af86d61a8bc3bdabe75e62de15f5,10,77.67,83.33,1.85,16.67,5.67,0.0,77.67,0.0,34.87,3.11,6.25,0.0,0.0,0
925c32c834833d3bc870e03a89969eb31a48016844cec2e14e7244212d7002ce,10,0.0,0.0,0,100.0,0.0,0.0,0.0,0.0,0.0,0.0,0.0,0.0,0.0,1
cc92d9a424d45b7f534a5dfa120e691820e0844d4b91bb33bd02f6f33df9c325,10,66.33,75.67,1.26,24.33,9.33,0.0,66.33,0.0,12.55,10.0,1.67,4.0,0.0,0
85fbe45fffa6302a4688195fbf28006e0301f5e86a9647d5c8c27ebf3177ea5e,10,79.83,84.33,1.32,15.67,4.5,0.0,79.83,0.0,12.3,6.43,2.0,1.43,0.0,0
b0bb88c31089a8ffdf9807bb81e02a7ae1fc14d6e751c0cd94d6e30c9d439555,10,0.0,2.0,0,98.0,2.0,0.0,0.0,0.0,6.67,3.33,0.0,0.0,0.0,1
05c7cbe2aa5e94aa88ee08a31771f131ed00c9156c3d0e409d33b782b7bd888d,10,32.5,42.0,1.87,58.0,9.5,0.0,32.5,0.0,41.83,0.0,2.5,2.0,0.0,0
405113f6692271342fea324f92b6551de9e0d0161157b33ddb23b14af745e450,10,72.17,86.33,1.25,13.67,14.17,0.0,72.17,0.0,23.19,2.5,0.0,1.67,1.43,0
7d75ab47a649f3e51bf330659fdc1e0804241fba8ad6e61acbf9b70411be2948,10,31.83,44.33,1.73,55.67,12.5,0.0,31.83,0.0,20.05,8.57,0.0,0.0,1.0,0
4b4c712272fdfd4bb1669e3304a566a3a155c569072a285d37c2226f6200e373,11,71.67,79.09,1.05,20.91,7.42,0.0,71.67,0.0,17.73,0.0,1.52,0.0,0.0,0
c5fc337975b5f2e8ed9bbc54f3044d910dd9dc99c7e60b407c21649f75cca4db,11,60.3,72.58,1.82,27.42,12.27,0.0,60.3,0.0,28.03,11.74,6.06,3.41,0.0,0
6dd6376c0367a27ea2d5a6f8e2d0d16c883c22cd98da638c797d1ad4bcce4511,11,89.39,89.39,1.18,10.61,0.0,0.0,89.39,0.0,8.67,0.0,0.0,0.0,0.0,0
f621c0eeb35734e30f155a372de1b2dc4ab79cdf8f11598dac4e28995c31e343,11,78.18,88.94,1.07,11.06,10.76,0.0,78.18,0.0,21.47,0.0,1.52,0.0,0.0,0
58f8b6cd44b64da67ee28cd6b969117b00ec4959245040b43628ccf2ddf0bfe7,11,93.64,96.67,1.33,3.33,3.03,0.0,93.64,0.0,20.17,3.32,0.0,1.01,0.0,0
d35b896314b571340fc5c6ffacd4472bb48feb9f3d902b0334fbf1b35ae202bc,11,8.48,10.3,1.6,89.7,1.82,0.0,8.48,0.0,7.58,0.0,0.0,0.0,0.0,1
2d64763640fa149bf269b6b244fec1a4bc3e47a35f7ce92ece8c4e8bbb6a86aa,11,30.91,33.94,1.81,66.06,3.03,0.0,30.91,0.0,13.48,1.4,3.64,0.0,0.0,1
80ddee563d888929ef844b3d0fa3f0da1bd1d749bdde5602412ad05342f28924,11,34.39,42.58,1.74,57.42,8.18,0.0,34.39,0.0,22.58,0.0,5.56,1.01,4.55,1
0eb59c8f3d8d0ac24d0825e89f912ce51c8302b587b4374449637cdbcfee8bec,11,56.52,65.15,1.47,34.85,8.64,0.0,56.52,0.0,28.26,1.82,1.14,3.33,0.0,0
179505be83c5d43e613612d30dee5aef4a1baedcec2c1d65f019fd407b4544ed,11,15.45,22.73,2.25,77.27,7.27,0.0,15.45,0.0,11.21,0.0,13.03,0.0,0.0,0
91c7c1e0e3f558f0d3044317f72a844e5bc1d040bfe7786a43aae231fa565f10,11,87.73,89.55,1.35,10.45,1.82,0.0,87.73,0.0,20.91,0.0,1.82,1.52,0.0,0
e71041734a5b5c7e2fcc6de1a3e0101ababf7612f9a39fb2140fbf92df45ffad,11,40.61,40.61,1.67,59.39,0.0,0.0,40.61,0.0,18.21,1.14,1.14,0.0,0.0,0
aadff4c585348216867279fbcb858488ee0e68e5c6588ea2d19254e76412e494,11,67.58,69.09,1.54,30.91,1.52,0.0,67.58,0.0,20.62,3.64,2.6,0.0,0.0,0
e4418ee2f2727b04fdd7b3c3c81a2b5081b34d53f4ed9a05968305d6ef2e3989,11,27.12,27.12,1.33,72.88,0.0,0.0,27.12,0.0,5.15,0.0,4.55,0.0,0.0,1
17e890e8fa3aef49eaf7e14754b79d404934602ea58a17e55922965805676574,11,0.0,0.0,0,100.0,0.0,0.0,0.0,0.0,0.0,0.0,0.0,0.0,0.0,1
b113894a35e62e28fcd7bea73923b6221382f271a2f1b4b72b91fb706adce9de,11,53.79,62.12,1.36,37.88,8.33,0.0,53.79,0.0,18.46,0.83,6.06,0.83,0.0,0
16ded72dcbd9c76308c9827fe7ae562344cb75e406a4324b0974705949f778bf,11,91.52,98.18,1.46,1.82,6.67,0.0,89.7,1.82,24.8,0.0,6.97,1.14,0.0,0
0bd6c25873ac6ed984c89f17e3c53c4a975abf5ded12ccc51b38bb4f986e15e4,11,11.36,13.18,1.33,86.82,1.82,0.0,11.36,0.0,11.36,0.0,2.27,0.0,0.0,1
58b5141d17764ff9b3ef9beebe63949594ee7be06378ed510d3dda37b8843592,11,31.36,36.97,1.94,63.03,5.61,0.0,31.36,0.0,19.89,6.67,9.55,0.0,0.0,1
9af6c218c29b9ed37384972a5e23be12d9689674555b3792f9942f2d0a0011f2,11,43.18,49.24,2.38,50.76,3.79,2.27,43.18,0.0,19.92,4.05,5.68,0.76,7.58,0
7a86b77a40cf77a1529d532b0da25d60b050b49d8dbde511c746879079ce619b,11,36.97,40.0,1.68,60.0,3.03,0.0,36.97,0.0,13.85,0.0,3.03,2.81,0.0,0
1485b907fca54bdc491b2c614b87c56811d514e19168bfba7ce1e54dbfd77ffc,11,87.58,89.85,1.4,10.15,2.27,0.0,87.58,0.0,16.23,0.0,4.42,6.76,0.0,0
1198170e8bad0e672173300a23a6f09feaea6e1694262475062429c810433c47,11,0.0,6.36,0,93.64,6.36,0.0,0.0,0.0,18.18,9.09,0.0,0.0,0.0,1
12cdfdada01d38158da8a5e565b2169fdc5331e5efe6cf986185cd33126ca6d8,11,0.0,0.0,0,100.0,0.0,0.0,0.0,0.0,0.0,0.0,0.0,0.0,0.0,1
916dcb5594812e6a022365b7ec9d57586a65e50650f7debd9577da726426b15f,11,0.0,0.0,0,100.0,0.0,0.0,0.0,0.0,0.0,0.0,0.0,0.0,0.0,1
9875790761b9c2a61f36ac2e9d360b467424cd2751291906cffcf7db47b02ac4,11,98.48,100.0,1.56,0.0,1.52,0.0,98.48,0.0,17.36,4.78,4.08,0.0,0.0,0
39a95458d43dda67c44253e8b2dfebcab6218b7bf89947623f9fc12eeb6a17c5,11,97.73,100.0,1.24,0.0,2.27,0.0,97.73,0.0,15.97,0.0,0.0,0.0,2.6,0
a3280c7fc9ebe03b1be8aabec658fcda52f43e30b501a56887f72ac48065b337,11,85.0,93.94,1.67,6.06,8.94,0.0,85.0,0.0,32.25,2.02,4.26,0.0,1.01,0
17baa52e2023b59cad11509e82cdf702a06c67dfb093fc6c5b484173dd619612,11,35.0,41.36,1.68,58.64,6.36,0.0,35.0,0.0,21.82,0.0,7.2,0.0,0.0,0
d3e7ea465bff3dc805d9812236c8e52675814c4f12a51c98fd1048023879e038,11,57.27,64.39,1.35,35.61,7.12,0.0,57.27,0.0,17.19,2.6,1.82,0.0,0.0,0
c8ac9debf2c35eca437b9cb279e7e278e2c935ad508238893c5306cd45c6c153,11,5.45,7.27,1.67,92.73,0.0,1.82,5.45,0.0,4.9,2.1,0.0,0.0,0.0,1
601c5a424a3944180dd9c64f00ab5c2ae15b056f24345846cdc844f45f7ee21a,11,72.88,72.88,1.33,27.12,0.0,0.0,72.88,0.0,13.07,1.82,3.03,1.82,0.0,0
31e11e2deb3b64d433d175d7a60e59e2735c3645f4d28aadcb2ba3d52807dfe6,11,86.97,96.67,2.25,3.33,7.88,1.82,82.88,4.09,33.32,5.63,1.46,14.83,0.0,0
fbac466f00003d9fd3e73902df0f5077aa0d1fed490b122894b964fb1f02a046,11,59.85,74.55,1.36,25.45,14.7,0.0,59.85,0.0,30.13,2.6,7.31,0.0,4.33,0
b306e8e8259e7c1546355e2a3fdecbab5faa7fcfd9df8967ba6bfa788aa1e831,11,0.0,2.27,0,97.73,2.27,0.0,0.0,0.0,0.0,9.09,0.0,0.0,0.0,1
e620b8be8a9683273ce41955a3d371f6977e2e4e87a72a1c2b7d622e758872a7,11,13.03,13.03,1.43,86.97,0.0,0.0,13.03,0.0,3.03,0.0,1.52,0.0,0.0,1
156e718167249dba1bdcae107cd8d0c76739167dd13287f74041611490f1c530,11,8.48,18.94,2.0,81.06,10.45,0.0,8.48,0.0,25.0,6.36,10.45,0.0,0.0,1
73605c27a02215e6e399eaa3215959b3a4fb9724ce32288318a8d35eda92e629,11,18.48,30.91,2.1,69.09,12.42,0.0,18.48,0.0,34.21,4.3,6.82,0.0,0.0,1
267d169984804e3068151ed16b15bf15f9bb95c58247806ac09e36a8ca1bc088,11,57.42,62.73,1.19,37.27,5.3,0.0,57.42,0.0,24.92,0.0,0.0,0.0,0.0,1
4cbd5fdf02abf30c31129b8e9595d20a0e0e733ed6fc0374f2c4f85fd93f67d3,11,83.64,83.64,1.41,16.36,0.0,0.0,83.64,0.0,17.12,1.52,5.86,0.0,0.0,0
89929f93122ab4f6ce0d3b4b8a348858e57ca8f825be5fb9d8d10acbf5f2f683,11,10.61,21.82,1.17,78.18,11.21,0.0,10.61,0.0,10.76,10.91,0.0,0.0,2.27,0
f1029970e72e92b72107cbabfa6ce3db0258036159c0ac5b40bc47d38577ee37,11,80.61,80.61,1.32,19.39,0.0,0.0,80.61,0.0,17.8,1.14,0.0,0.0,0.0,0
a4a0a56208d2478404697057dccd29b410a3456cbb77209e52d262835d6e12eb,11,10.45,23.49,1.83,76.52,13.03,0.0,10.45,0.0,8.94,13.18,10.76,0.0,0.0,0
ae794a9567c25a9e743ec69227462de7dfa2af86d61a8bc3bdabe75e62de15f5,11,79.7,84.85,1.84,15.15,5.15,0.0,79.7,0.0,35.6,2.83,5.68,0.0,0.0,0
925c32c834833d3bc870e03a89969eb31a48016844cec2e14e7244212d7002ce,11,0.0,0.0,0,100.0,0.0,0.0,0.0,0.0,0.0,0.0,0.0,0.0,0.0,1
cc92d9a424d45b7f534a5dfa120e691820e0844d4b91bb33bd02f6f33df9c325,11,60.3,73.33,1.26,26.67,13.03,0.0,60.3,0.0,11.41,18.18,1.52,3.64,0.0,0
85fbe45fffa6302a4688195fbf28006e0301f5e86a9647d5c8c27ebf3177ea5e,11,77.12,81.21,1.38,18.79,4.09,0.0,77.12,0.0,16.63,5.84,1.82,1.3,0.0,0
b0bb88c31089a8ffdf9807bb81e02a7ae1fc14d6e751c0cd94d6e30c9d439555,11,0.0,1.82,0,98.18,1.82,0.0,0.0,0.0,6.06,3.03,0.0,0.0,0.0,1
05c7cbe2aa5e94aa88ee08a31771f131ed00c9156c3d0e409d33b782b7bd888d,11,36.36,47.27,1.83,52.73,10.91,0.0,36.36,0.0,42.58,0.0,2.27,1.82,1.14,0
405113f6692271342fea324f92b6551de9e0d0161157b33ddb23b14af745e450,11,65.61,83.03,1.25,16.97,17.42,0.0,65.61,0.0,30.17,2.27,0.0,1.52,1.3,0
7d75ab47a649f3e51bf330659fdc1e0804241fba8ad6e61acbf9b70411be2948,11,35.76,47.12,1.67,52.88,11.36,0.0,35.76,0.0,20.5,7.79,0.0,0.0,0.91,0
4b4c712272fdfd4bb1669e3304a566a3a155c569072a285d37c2226f6200e373,12,69.86,78.75,1.05,21.25,8.89,0.0,69.86,0.0,16.25,4.17,1.39,0.0,0.0,0
c5fc337975b5f2e8ed9bbc54f3044d910dd9dc99c7e60b407c21649f75cca4db,12,55.28,66.53,1.82,33.47,11.25,0.0,55.28,0.0,25.69,10.76,5.56,3.12,0.0,0
6dd6376c0367a27ea2d5a6f8e2d0d16c883c22cd98da638c797d1ad4bcce4511,12,90.28,90.28,1.17,9.72,0.0,0.0,90.28,0.0,7.95,0.0,0.0,0.0,0.0,0
f621c0eeb35734e30f155a372de1b2dc4ab79cdf8f11598dac4e28995c31e343,12,77.92,87.78,1.07,12.22,9.86,0.0,77.92,0.0,19.68,0.0,1.39,0.0,0.0,0
58f8b6cd44b64da67ee28cd6b969117b00ec4959245040b43628ccf2ddf0bfe7,12,92.08,94.86,1.35,5.14,2.78,0.0,92.08,0.0,21.83,3.04,0.0,0.93,0.0,0
d35b896314b571340fc5c6ffacd4472bb48feb9f3d902b0334fbf1b35ae202bc,12,7.78,9.44,1.6,90.56,1.67,0.0,7.78,0.0,6.94,0.0,0.0,0.0,0.0,1
2d64763640fa149bf269b6b244fec1a4bc3e47a35f7ce92ece8c4e8bbb6a86aa,12,28.33,31.11,1.81,68.89,2.78,0.0,28.33,0.0,12.36,1.28,3.33,0.0,0.0,1
80ddee563d888929ef844b3d0fa3f0da1bd1d749bdde5602412ad05342f28924,12,33.61,41.11,1.7,58.89,7.5,0.0,33.61,0.0,20.7,0.0,5.09,0.93,4.17,1
0eb59c8f3d8d0ac24d0825e89f912ce51c8302b587b4374449637cdbcfee8bec,12,53.89,61.81,1.48,38.19,7.92,0.0,53.89,0.0,30.07,1.67,1.04,3.06,0.0,0
179505be83c5d43e613612d30dee5aef4a1baedcec2c1d65f019fd407b4544ed,12,14.17,20.83,2.25,79.17,6.67,0.0,14.17,0.0,10.28,0.0,11.94,0.0,0.0,0
91c7c1e0e3f558f0d3044317f72a844e5bc1d040bfe7786a43aae231fa565f10,12,86.67,88.33,1.33,11.67,1.67,0.0,86.67,0.0,19.17,0.0,1.67,1.39,0.0,0
e71041734a5b5c7e2fcc6de1a3e0101ababf7612f9a39fb2140fbf92df45ffad,12,37.22,37.22,1.67,62.78,0.0,0.0,37.22,0.0,16.7,1.04,1.04,0.0,0.0,0
aadff4c585348216867279fbcb858488ee0e68e5c6588ea2d19254e76412e494,12,61.94,63.33,1.54,36.67,1.39,0.0,61.94,0.0,18.9,3.33,2.38,0.0,0.0,0
e4418ee2f2727b04fdd7b3c3c81a2b5081b34d53f4ed9a05968305d6ef2e3989,12,24.86,24.86,1.33,75.14,0.0,0.0,24.86,0.0,4.72,0.0,4.17,0.0,0.0,1
17e890e8fa3aef49eaf7e14754b79d404934602ea58a17e55922965805676574,12,0.0,0.0,0,100.0,0.0,0.0,0.0,0.0,0.0,0.0,0.0,0.0,0.0,1
b113894a35e62e28fcd7bea73923b6221382f271a2f1b4b72b91fb706adce9de,12,49.31,59.03,1.36,40.97,9.72,0.0,49.31,0.0,25.25,0.76,5.56,0.76,0.0,0
16ded72dcbd9c76308c9827fe7ae562344cb75e406a4324b0974705949f778bf,12,83.89,90.0,1.46,10.0,6.11,0.0,82.22,1.67,22.74,0.0,6.39,1.04,0.0,0
0bd6c25873ac6ed984c89f17e3c53c4a975abf5ded12ccc51b38bb4f986e15e4,12,10.42,12.08,1.33,87.92,1.67,0.0,10.42,0.0,10.42,0.0,2.08,0.0,0.0,1
58b5141d17764ff9b3ef9beebe63949594ee7be06378ed510d3dda37b8843592,12,28.75,33.89,1.94,66.11,5.14,0.0,28.75,0.0,18.24,6.11,8.75,0.0,0.0,1
9af6c218c29b9ed37384972a5e23be12d9689674555b3792f9942f2d0a0011f2,12,39.58,45.14,2.38,54.86,3.47,2.08,39.58,0.0,18.26,3.71,5.21,0.69,6.94,0
7a86b77a40cf77a1529d532b0da25d60b050b49d8dbde511c746879079ce619b,12,33.89,36.67,1.68,63.33,2.78,0.0,33.89,0.0,12.7,0.0,2.78,2.58,0.0,0
1485b907fca54bdc491b2c614b87c56811d514e19168bfba7ce1e54dbfd77ffc,12,84.44,86.53,1.38,13.47,2.08,0.0,84.44,0.0,14.88,0.0,4.05,6.2,0.0,0
1198170e8bad0e672173300a23a6f09feaea6e1694262475062429c810433c47,12,0.0,5.83,0,94.17,5.83,0.0,0.0,0.0,16.67,8.33,0.0,0.0,0.0,1
12cdfdada01d38158da8a5e565b2169fdc5331e5efe6cf986185cd33126ca6d8,12,0.0,0.0,0,100.0,0.0,0.0,0.0,0.0,0.0,0.0,0.0,0.0,0.0,1
916dcb5594812e6a022365b7ec9d57586a65e50650f7debd9577da726426b15f,12,0.0,0.0,0,100.0,0.0,0.0,0.0,0.0,0.0,0.0,0.0,0.0,0.0,1
9875790761b9c2a61f36ac2e9d360b467424cd2751291906cffcf7db47b02ac4,12,98.61,100.0,1.53,0.0,1.39,0.0,98.61,0.0,15.91,4.38,5.41,0.0,0.0,0
39a95458d43dda67c44253e8b2dfebcab6218b7bf89947623f9fc12eeb6a17c5,12,95.83,97.92,1.25,2.08,2.08,0.0,95.83,0.0,16.73,0.0,0.0,0.0,2.38,0
a3280c7fc9ebe03b1be8aabec658fcda52f43e30b501a56887f72ac48065b337,12,82.08,92.36,1.77,7.64,10.28,0.0,80.0,2.08,36.04,1.85,3.9,0.0,0.93,0
17baa52e2023b59cad11509e82cdf702a06c67dfb093fc6c5b484173dd619612,12,34.17,40.0,1.7,60.0,5.83,0.0,34.17,0.0,24.17,0.0,6.6,0.0,0.0,0
d3e7ea465bff3dc805d9812236c8e52675814c4f12a51c98fd1048023879e038,12,52.5,59.03,1.35,40.97,6.53,0.0,52.5,0.0,15.75,2.38,1.67,0.0,0.0,0
c8ac9debf2c35eca437b9cb279e7e278e2c935ad508238893c5306cd45c6c153,12,5.0,6.67,1.67,93.33,0.0,1.67,5.0,0.0,4.49,1.92,0.0,0.0,0.0,1
601c5a424a3944180dd9c64f00ab5c2ae15b056f24345846cdc844f45f7ee21a,12,66.81,66.81,1.33,33.19,0.0,0.0,66.81,0.0,11.98,1.67,2.78,1.67,0.0,0
31e11e2deb3b64d433d175d7a60e59e2735c3645f4d28aadcb2ba3d52807dfe6,12,83.89,94.86,2.2,5.14,7.22,3.75,80.14,3.75,35.85,5.92,1.34,13.6,0.0,0
fbac466f00003d9fd3e73902df0f5077aa0d1fed490b122894b964fb1f02a046,12,54.86,70.42,1.36,29.58,15.56,0.0,54.86,0.0,31.79,2.38,6.7,0.0,3.97,0
b306e8e8259e7c1546355e2a3fdecbab5faa7fcfd9df8967ba6bfa788aa1e831,12,0.0,2.08,0,97.92,2.08,0.0,0.0,0.0,0.0,8.33,0.0,0.0,0.0,1
e620b8be8a9683273ce41955a3d371f6977e2e4e87a72a1c2b7d622e758872a7,12,11.94,11.95,1.43,88.06,0.0,0.0,11.95,0.0,2.78,0.0,1.39,0.0,0.0,1
156e718167249dba1bdcae107cd8d0c76739167dd13287f74041611490f1c530,12,7.78,17.36,2.0,82.64,9.58,0.0,7.78,0.0,22.92,5.83,9.58,0.0,0.0,1
73605c27a02215e6e399eaa3215959b3a4fb9724ce32288318a8d35eda92e629,12,16.94,28.33,2.1,71.67,11.39,0.0,16.94,0.0,31.36,3.94,6.25,0.0,0.0,1
267d169984804e3068151ed16b15bf15f9bb95c58247806ac09e36a8ca1bc088,12,54.72,59.58,1.36,40.42,4.86,0.0,52.64,2.08,29.99,0.0,0.0,0.0,0.0,1
4cbd5fdf02abf30c31129b8e9595d20a0e0e733ed6fc0374f2c4f85fd93f67d3,12,80.83,80.83,1.44,19.17,0.0,0.0,80.83,0.0,19.86,1.39,5.37,0.0,0.0,0
89929f93122ab4f6ce0d3b4b8a348858e57ca8f825be5fb9d8d10acbf5f2f683,12,9.72,20.0,1.17,80.0,10.28,0.0,9.72,0.0,9.86,10.0,0.0,0.0,2.08,0
f1029970e72e92b72107cbabfa6ce3db0258036159c0ac5b40bc47d38577ee37,12,80.14,80.14,1.3,19.86,0.0,0.0,80.14,0.0,16.32,1.04,0.0,0.0,0.0,0
a4a0a56208d2478404697057dccd29b410a3456cbb77209e52d262835d6e12eb,12,9.58,21.53,1.83,78.47,11.95,0.0,9.58,0.0,8.19,12.08,9.86,0.0,0.0,0
ae794a9567c25a9e743ec69227462de7dfa2af86d61a8bc3bdabe75e62de15f5,12,79.31,84.03,1.83,15.97,4.72,0.0,79.31,0.0,35.97,2.59,5.21,0.0,0.0,0
925c32c834833d3bc870e03a89969eb31a48016844cec2e14e7244212d7002ce,12,0.0,0.0,0,100.0,0.0,0.0,0.0,0.0,0.0,0.0,0.0,0.0,0.0,1
cc92d9a424d45b7f534a5dfa120e691820e0844d4b91bb33bd02f6f33df9c325,12,59.44,71.39,1.31,28.61,11.94,0.0,59.44,0.0,10.46,20.83,1.39,3.33,0.0,0
85fbe45fffa6302a4688195fbf28006e0301f5e86a9647d5c8c27ebf3177ea5e,12,72.78,76.53,1.4,23.47,3.75,0.0,72.78,0.0,19.41,5.36,1.67,1.19,0.0,0
b0bb88c31089a8ffdf9807bb81e02a7ae1fc14d6e751c0cd94d6e30c9d439555,12,0.0,1.67,0,98.33,1.67,0.0,0.0,0.0,5.56,2.78,0.0,0.0,0.0,1
05c7cbe2aa5e94aa88ee08a31771f131ed00c9156c3d0e409d33b782b7bd888d,12,33.33,43.33,1.83,56.67,10.0,0.0,33.33,0.0,39.03,0.0,2.08,1.67,1.04,0
405113f6692271342fea324f92b6551de9e0d0161157b33ddb23b14af745e450,12,66.39,84.44,1.23,15.56,18.06,0.0,66.39,0.0,29.74,2.08,0.0,1.39,1.19,0
7d75ab47a649f3e51bf330659fdc1e0804241fba8ad6e61acbf9b70411be2948,12,32.78,45.28,1.67,54.72,12.5,0.0,32.78,0.0,27.12,7.14,0.0,0.0,0.83,0
4b4c712272fdfd4bb1669e3304a566a3a155c569072a285d37c2226f6200e373,13,70.64,80.38,1.04,19.62,9.74,0.0,70.64,0.0,16.54,3.85,1.28,0.0,0.0,0
c5fc337975b5f2e8ed9bbc54f3044d910dd9dc99c7e60b407c21649f75cca4db,13,51.03,61.41,1.82,38.59,10.38,0.0,51.03,0.0,23.72,9.94,5.13,2.88,0.0,0
6dd6376c0367a27ea2d5a6f8e2d0d16c883c22cd98da638c797d1ad4bcce4511,13,89.49,91.03,1.16,8.97,1.54,0.0,89.49,0.0,11.95,0.0,0.0,0.0,0.0,0
f621c0eeb35734e30f155a372de1b2dc4ab79cdf8f11598dac4e28995c31e343,13,75.0,87.18,1.06,12.82,12.18,0.0,75.0,0.0,22.01,0.0,1.28,0.0,0.0,0
58f8b6cd44b64da67ee28cd6b969117b00ec4959245040b43628ccf2ddf0bfe7,13,91.15,93.72,1.38,6.28,2.56,0.0,91.15,0.0,23.44,2.81,0.0,0.85,0.0,0
d35b896314b571340fc5c6ffacd4472bb48feb9f3d902b0334fbf1b35ae202bc,13,7.18,8.72,1.6,91.28,1.54,0.0,7.18,0.0,6.41,0.0,0.0,0.0,0.0,1
2d64763640fa149bf269b6b244fec1a4bc3e47a35f7ce92ece8c4e8bbb6a86aa,13,26.15,30.26,1.81,69.74,4.1,0.0,26.15,0.0,19.1,1.18,3.08,0.0,0.0,1
80ddee563d888929ef844b3d0fa3f0da1bd1d749bdde5602412ad05342f28924,13,31.03,41.03,1.7,58.97,10.0,0.0,31.03,0.0,24.24,0.0,4.7,3.42,3.85,1
0eb59c8f3d8d0ac24d0825e89f912ce51c8302b587b4374449637cdbcfee8bec,13,52.82,60.13,1.45,39.87,7.31,0.0,52.82,0.0,27.76,1.54,0.96,2.82,0.0,0
179505be83c5d43e613612d30dee5aef4a1baedcec2c1d65f019fd407b4544ed,13,17.69,23.85,2.0,76.15,6.15,0.0,17.69,0.0,11.41,0.0,11.03,0.0,0.0,0
91c7c1e0e3f558f0d3044317f72a844e5bc1d040bfe7786a43aae231fa565f10,13,86.15,87.69,1.35,12.31,1.54,0.0,86.15,0.0,20.26,0.0,1.54,1.28,0.0,0
e71041734a5b5c7e2fcc6de1a3e0101ababf7612f9a39fb2140fbf92df45ffad,13,38.97,40.51,1.62,59.49,1.54,0.0,38.97,0.0,19.26,0.96,0.96,0.0,0.0,0
aadff4c585348216867279fbcb858488ee0e68e5c6588ea2d19254e76412e494,13,58.72,61.54,1.53,38.46,2.82,0.0,58.72,0.0,22.57,3.08,2.2,0.0,0.0,0
e4418ee2f2727b04fdd7b3c3c81a2b5081b34d53f4ed9a05968305d6ef2e3989,13,22.95,22.95,1.33,77.05,0.0,0.0,22.95,0.0,4.36,0.0,3.85,0.0,0.0,1
17e890e8fa3aef49eaf7e14754b79d404934602ea58a17e55922965805676574,13,0.0,0.0,0,100.0,0.0,0.0,0.0,0.0,0.0,0.0,0.0,0.0,0.0,1
b113894a35e62e28fcd7bea73923b6221382f271a2f1b4b72b91fb706adce9de,13,48.59,60.64,1.33,39.36,12.05,0.0,48.59,0.0,27.16,0.7,5.13,0.7,0.0,0
16ded72dcbd9c76308c9827fe7ae562344cb75e406a4324b0974705949f778bf,13,83.59,90.77,1.48,9.23,7.18,0.0,82.05,1.54,24.41,0.0,6.75,0.96,0.0,0
0bd6c25873ac6ed984c89f17e3c53c4a975abf5ded12ccc51b38bb4f986e15e4,13,9.62,11.15,1.33,88.85,1.54,0.0,9.62,0.0,9.62,0.0,1.92,0.0,0.0,1
58b5141d17764ff9b3ef9beebe63949594ee7be06378ed510d3dda37b8843592,13,28.08,34.36,1.89,65.64,6.28,0.0,28.08,0.0,16.83,5.64,14.49,0.0,0.0,1
9af6c218c29b9ed37384972a5e23be12d9689674555b3792f9942f2d0a0011f2,13,39.62,46.28,2.27,53.72,4.74,1.92,39.61,0.0,20.7,3.43,4.81,0.64,6.41,0
7a86b77a40cf77a1529d532b0da25d60b050b49d8dbde511c746879079ce619b,13,32.82,36.92,1.65,63.08,4.1,0.0,32.82,0.0,18.13,0.0,2.56,2.38,0.0,0
1485b907fca54bdc491b2c614b87c56811d514e19168bfba7ce1e54dbfd77ffc,13,79.49,82.95,1.37,17.05,3.46,0.0,79.49,0.0,17.58,0.0,3.74,5.72,0.0,0
1198170e8bad0e672173300a23a6f09feaea6e1694262475062429c810433c47,13,0.0,5.38,0,94.62,5.38,0.0,0.0,0.0,15.38,7.69,0.0,0.0,0.0,1
12cdfdada01d38158da8a5e565b2169fdc5331e5efe6cf986185cd33126ca6d8,13,0.0,0.0,0,100.0,0.0,0.0,0.0,0.0,0.0,0.0,0.0,0.0,0.0,1
916dcb5594812e6a022365b7ec9d57586a65e50650f7debd9577da726426b15f,13,0.0,0.0,0,100.0,0.0,0.0,0.0,0.0,0.0,0.0,0.0,0.0,0.0,1
9875790761b9c2a61f36ac2e9d360b467424cd2751291906cffcf7db47b02ac4,13,98.72,100.0,1.57,0.0,1.28,0.0,98.72,0.0,16.23,4.04,5.76,0.0,0.0,0
39a95458d43dda67c44253e8b2dfebcab6218b7bf89947623f9fc12eeb6a17c5,13,96.15,98.08,1.24,1.92,1.92,0.0,96.15,0.0,16.72,0.0,0.0,0.0,2.2,0
a3280c7fc9ebe03b1be8aabec658fcda52f43e30b501a56887f72ac48065b337,13,80.38,91.41,1.75,8.59,11.03,0.0,78.46,1.92,37.11,1.71,3.6,0.0,0.85,0
17baa52e2023b59cad11509e82cdf702a06c67dfb093fc6c5b484173dd619612,13,36.15,41.54,1.61,58.46,5.38,0.0,36.15,0.0,22.31,0.0,6.09,0.0,0.0,0
d3e7ea465bff3dc805d9812236c8e52675814c4f12a51c98fd1048023879e038,13,53.08,59.1,1.38,40.9,6.03,0.0,53.08,0.0,17.62,2.2,1.54,0.0,0.0,0
c8ac9debf2c35eca437b9cb279e7e278e2c935ad508238893c5306cd45c6c153,13,4.62,6.15,1.67,93.85,0.0,1.54,4.62,0.0,4.14,1.78,0.0,0.0,0.0,1
601c5a424a3944180dd9c64f00ab5c2ae15b056f24345846cdc844f45f7ee21a,13,69.36,69.36,1.32,30.64,0.0,0.0,69.36,0.0,12.34,1.54,2.56,1.54,0.0,0
31e11e2deb3b64d433d175d7a60e59e2735c3645f4d28aadcb2ba3d52807dfe6,13,85.13,95.26,2.2,4.74,6.67,3.46,81.67,3.46,37.29,5.46,1.23,12.55,0.0,0
fbac466f00003d9fd3e73902df0f5077aa0d1fed490b122894b964fb1f02a046,13,50.64,68.08,1.36,31.92,17.44,0.0,50.64,0.0,35.49,3.74,6.18,0.0,3.66,0
b306e8e8259e7c1546355e2a3fdecbab5faa7fcfd9df8967ba6bfa788aa1e831,13,0.0,1.92,0,98.08,1.92,0.0,0.0,0.0,0.0,7.69,0.0,0.0,0.0,1
e620b8be8a9683273ce41955a3d371f6977e2e4e87a72a1c2b7d622e758872a7,13,12.56,12.56,2.0,87.44,0.0,0.0,12.56,0.0,7.69,1.28,1.28,0.0,0.0,1
156e718167249dba1bdcae107cd8d0c76739167dd13287f74041611490f1c530,13,8.72,17.56,2.17,82.44,8.85,0.0,8.72,0.0,23.72,5.38,11.41,0.0,0.0,1
73605c27a02215e6e399eaa3215959b3a4fb9724ce32288318a8d35eda92e629,13,15.64,27.69,2.1,72.31,12.05,0.0,15.64,0.0,36.64,3.64,5.77,0.0,0.0,1
267d169984804e3068151ed16b15bf15f9bb95c58247806ac09e36a8ca1bc088,13,53.59,58.08,1.34,41.92,4.49,0.0,51.67,1.92,27.68,0.0,0.0,0.0,0.0,1
4cbd5fdf02abf30c31129b8e9595d20a0e0e733ed6fc0374f2c4f85fd93f67d3,13,82.31,82.31,1.4,17.69,0.0,0.0,82.31,0.0,18.33,1.28,4.96,0.0,0.0,0
89929f93122ab4f6ce0d3b4b8a348858e57ca8f825be5fb9d8d10acbf5f2f683,13,8.97,20.0,1.17,80.0,11.03,0.0,8.97,0.0,16.79,9.23,0.0,0.0,1.92,0
f1029970e72e92b72107cbabfa6ce3db0258036159c0ac5b40bc47d38577ee37,13,75.51,80.13,1.29,19.87,4.62,0.0,75.51,0.0,20.83,0.96,0.0,0.0,0.0,0
a4a0a56208d2478404697057dccd29b410a3456cbb77209e52d262835d6e12eb,13,8.85,19.87,1.83,80.13,11.03,0.0,8.85,0.0,7.56,11.15,9.1,0.0,0.0,0
ae794a9567c25a9e743ec69227462de7dfa2af86d61a8bc3bdabe75e62de15f5,13,80.9,85.26,1.78,14.74,4.36,0.0,80.9,0.0,35.4,2.39,4.81,0.0,0.0,0
925c32c834833d3bc870e03a89969eb31a48016844cec2e14e7244212d7002ce,13,0.0,0.0,0,100.0,0.0,0.0,0.0,0.0,0.0,0.0,0.0,0.0,0.0,1
cc92d9a424d45b7f534a5dfa120e691820e0844d4b91bb33bd02f6f33df9c325,13,57.95,70.51,1.42,29.49,12.56,0.0,57.95,0.0,12.45,19.23,1.98,3.08,2.8,0
85fbe45fffa6302a4688195fbf28006e0301f5e86a9647d5c8c27ebf3177ea5e,13,71.79,76.79,1.37,23.21,5.0,0.0,71.79,0.0,17.92,6.87,1.54,1.1,0.0,0
b0bb88c31089a8ffdf9807bb81e02a7ae1fc14d6e751c0cd94d6e30c9d439555,13,0.0,1.54,0,98.46,1.54,0.0,0.0,0.0,5.13,2.56,0.0,0.0,0.0,1
05c7cbe2aa5e94aa88ee08a31771f131ed00c9156c3d0e409d33b782b7bd888d,13,33.85,44.62,2.05,55.38,10.77,0.0,33.85,0.0,40.64,1.54,1.92,1.54,0.96,0
405113f6692271342fea324f92b6551de9e0d0161157b33ddb23b14af745e450,13,67.44,85.64,1.21,14.36,18.21,0.0,67.44,0.0,30.02,1.92,0.0,1.28,1.1,0
7d75ab47a649f3e51bf330659fdc1e0804241fba8ad6e61acbf9b70411be2948,13,33.33,46.41,1.6,53.59,13.08,0.0,33.33,0.0,27.6,6.59,0.0,0.0,0.77,0
